USE World_Cup_2022;


-- 5. Insert data into reference tables
------------------------------------------------------------

-- FIFA_Region
INSERT INTO FIFA_Region(Region, Area) 
VALUES
('AFC', 'Asia'),
('CAF', 'Africa'),
('CONCACAF', 'North & Central America'),
('CONMEBOL', 'South America'),
('UEFA', 'Europe'),
('OFC', 'Oceania');
GO

-- Football_Associations
INSERT INTO Football_Associations(Nation_Code, Association, Region, Qualification_Status) 
VALUES
('AFG', 'Afghanistan', 'AFC', 'Not Qualified'),
('ALB', 'Albania', 'UEFA', 'Not Qualified'),
('ALG', 'Algeria', 'CAF', 'Not Qualified'),
('ASA', 'American Samoa', 'OFC', 'Not Qualified'),
('AND', 'Andorra', 'UEFA', 'Not Qualified'),
('ANG', 'Angola', 'CAF', 'Not Qualified'),
('AIA', 'Anguilla', 'CONCACAF', 'Not Qualified'),
('ATG', 'Antigua and Barbuda', 'CONCACAF', 'Not Qualified'),
('ARG', 'Argentina', 'CONMEBOL', 'Qualified'),
('ARM', 'Armenia', 'UEFA', 'Not Qualified'),
('ARU', 'Aruba', 'CONCACAF', 'Not Qualified'),
('AUS', 'Australia', 'AFC', 'Qualified'),
('AUT', 'Austria', 'UEFA', 'Not Qualified'),
('AZE', 'Azerbaijan', 'UEFA', 'Not Qualified'),
('BAH', 'Bahamas', 'CONCACAF', 'Not Qualified'),
('BHR', 'Bahrain', 'AFC', 'Not Qualified'),
('BAN', 'Bangladesh', 'AFC', 'Not Qualified'),
('BRB', 'Barbados', 'CONCACAF', 'Not Qualified'),
('BLR', 'Belarus', 'UEFA', 'Not Qualified'),
('BEL', 'Belgium', 'UEFA', 'Qualified'),
('BLZ', 'Belize', 'CONCACAF', 'Not Qualified'),
('BEN', 'Benin', 'CAF', 'Not Qualified'),
('BER', 'Bermuda', 'CONCACAF', 'Not Qualified'),
('BHU', 'Bhutan', 'AFC', 'Not Qualified'),
('BOL', 'Bolivia', 'CONMEBOL', 'Not Qualified'),
('BOE', 'Bonaire', 'CONCACAF', 'Not Qualified'),
('BIH', 'Bosnia and Herzegovina', 'UEFA', 'Not Qualified'),
('BOT', 'Botswana', 'CAF', 'Not Qualified'),
('BRA', 'Brasil', 'CONMEBOL', 'Qualified'),
('VGB', 'British Virgin Islands', 'CONCACAF', 'Not Qualified'),
('BRU', 'Brunei Darussalam', 'AFC', 'Not Qualified'),
('BUL', 'Bulgaria', 'UEFA', 'Not Qualified'),
('BFA', 'Burkina Faso', 'CAF', 'Not Qualified'),
('BDI', 'Burundi', 'CAF', 'Not Qualified'),
('CAM', 'Cambodia', 'AFC', 'Not Qualified'),
('CMR', 'Cameroon', 'CAF', 'Qualified'),
('CAN', 'Canada', 'CONCACAF', 'Qualified'),
('CPV', 'Cape Verde', 'CAF', 'Not Qualified'),
('CAY', 'Cayman Islands', 'CONCACAF', 'Not Qualified'),
('CTA', 'Central African Republic', 'CAF', 'Not Qualified'),
('CHA', 'Chad', 'CAF', 'Not Qualified'),
('CHI', 'Chile', 'CONMEBOL', 'Not Qualified'),
('CHN', 'China', 'AFC', 'Not Qualified'),
('TPE', 'Chinese Taipei', 'AFC', 'Not Qualified'),
('COL', 'Colombia', 'CONMEBOL', 'Not Qualified'),
('COM', 'Comoros', 'CAF', 'Not Qualified'),
('CGO', 'Congo', 'CAF', 'Not Qualified'),
('COK', 'Cook Islands', 'OFC', 'Not Qualified'),
('CRC', 'Costa Rica', 'CONCACAF', 'Qualified'),
('CRO', 'Croatia', 'UEFA', 'Qualified'),
('CUB', 'Cuba', 'CONCACAF', 'Not Qualified'),
('CUW', 'Curaçao', 'CONCACAF', 'Not Qualified'),
('CYP', 'Cyprus', 'UEFA', 'Not Qualified'),
('CZE', 'Czech Republic', 'UEFA', 'Not Qualified'),
('DEN', 'Denmark', 'UEFA', 'Qualified'),
('DJI', 'Djibouti', 'CAF', 'Not Qualified'),
('DMA', 'Dominica', 'CONCACAF', 'Not Qualified'),
('DOM', 'Dominican Republic', 'CONCACAF', 'Not Qualified'),
('PRK', 'DPR Korea', 'AFC', 'Not Qualified'),
('COD', 'DR Congo', 'CAF', 'Not Qualified'),
('ECU', 'Ecuador', 'CONMEBOL', 'Qualified'),
('EGY', 'Egypt', 'CAF', 'Not Qualified'),
('SLV', 'El Salvador', 'CONCACAF', 'Not Qualified'),
('ENG', 'England', 'UEFA', 'Qualified'),
('EQG', 'Equatorial Guinea', 'CAF', 'Not Qualified'),
('ERI', 'Eritrea', 'CAF', 'Not Qualified'),
('EST', 'Estonia', 'UEFA', 'Not Qualified'),
('SWZ', 'Eswatini', 'CAF', 'Not Qualified'),
('ETH', 'Ethiopia', 'CAF', 'Not Qualified'),
('FRO', 'Faroe Islands', 'UEFA', 'Not Qualified'),
('FIJ', 'Fiji', 'OFC', 'Not Qualified'),
('FIN', 'Finland', 'UEFA', 'Not Qualified'),
('FRA', 'France', 'UEFA', 'Qualified'),
('GUF', 'French Guiana', 'CONCACAF', 'Not Qualified'),
('GAB', 'Gabon', 'CAF', 'Not Qualified'),
('GAM', 'Gambia', 'CAF', 'Not Qualified'),
('GEO', 'Georgia', 'UEFA', 'Not Qualified'),
('GER', 'Germany', 'UEFA', 'Qualified'),
('GHA', 'Ghana', 'CAF', 'Qualified'),
('GIB', 'Gibraltar', 'UEFA', 'Not Qualified'),
('GRE', 'Greece', 'UEFA', 'Not Qualified'),
('GRN', 'Grenada', 'CONCACAF', 'Not Qualified'),
('GLP', 'Guadeloupe', 'CONCACAF', 'Not Qualified'),
('GUM', 'Guam', 'AFC', 'Not Qualified'),
('GUA', 'Guatemala', 'CONCACAF', 'Not Qualified'),
('GUI', 'Guinea', 'CAF', 'Not Qualified'),
('GNB', 'Guinea-Bissau', 'CAF', 'Not Qualified'),
('GUY', 'Guyana', 'CONCACAF', 'Not Qualified'),
('HAI', 'Haiti', 'CONCACAF', 'Not Qualified'),
('HON', 'Honduras', 'CONCACAF', 'Not Qualified'),
('HKG', 'Hong Kong', 'AFC', 'Not Qualified'),
('HUN', 'Hungary', 'UEFA', 'Not Qualified'),
('ISL', 'Iceland', 'UEFA', 'Not Qualified'),
('IND', 'India', 'AFC', 'Not Qualified'),
('INA', 'Indonesia', 'AFC', 'Not Qualified'),
('IRN', 'Iran', 'AFC', 'Qualified'),
('IRQ', 'Iraq', 'AFC', 'Not Qualified'),
('ISR', 'Israel', 'UEFA', 'Not Qualified'),
('ITA', 'Italy', 'UEFA', 'Not Qualified'),
('CIV', 'Ivory Coast', 'CAF', 'Not Qualified'),
('JAM', 'Jamaica', 'CONCACAF', 'Not Qualified'),
('JPN', 'Japan', 'AFC', 'Qualified'),
('JOR', 'Jordan', 'AFC', 'Not Qualified'),
('KAZ', 'Kazakhstan', 'UEFA', 'Not Qualified'),
('KEN', 'Kenya', 'CAF', 'Not Qualified'),
('KIR', 'Kiribati', 'OFC', 'Not Qualified'),
('KOR', 'Korea Rep', 'AFC', 'Qualified'),
('KOS', 'Kosovo', 'UEFA', 'Not Qualified'),
('KUW', 'Kuwait', 'AFC', 'Not Qualified'),
('KGZ', 'Kyrgyz Republic', 'AFC', 'Not Qualified'),
('LAO', 'Laos', 'AFC', 'Not Qualified'),
('LVA', 'Latvia', 'UEFA', 'Not Qualified'),
('LBN', 'Lebanon', 'AFC', 'Not Qualified'),
('LES', 'Lesotho', 'CAF', 'Not Qualified'),
('LBR', 'Liberia', 'CAF', 'Not Qualified'),
('LBY', 'Libya', 'CAF', 'Not Qualified'),
('LIE', 'Liechtenstein', 'UEFA', 'Not Qualified'),
('LTU', 'Lithuania', 'UEFA', 'Not Qualified'),
('LUX', 'Luxembourg', 'UEFA', 'Not Qualified'),
('MAC', 'Macau', 'AFC', 'Not Qualified'),
('MAD', 'Madagascar', 'CAF', 'Not Qualified'),
('MWI', 'Malawi', 'CAF', 'Not Qualified'),
('MAS', 'Malaysia', 'AFC', 'Not Qualified'),
('MDV', 'Maldives', 'AFC', 'Not Qualified'),
('MLI', 'Mali', 'CAF', 'Not Qualified'),
('MLT', 'Malta', 'UEFA', 'Not Qualified'),
('MTQ', 'Martinique', 'CONCACAF', 'Not Qualified'),
('MTN', 'Mauritania', 'CAF', 'Not Qualified'),
('MRI', 'Mauritius', 'CAF', 'Not Qualified'),
('MEX', 'Mexico', 'CONCACAF', 'Qualified'),
('MDA', 'Moldova', 'UEFA', 'Not Qualified'),
('MNG', 'Mongolia', 'AFC', 'Not Qualified'),
('MNE', 'Montenegro', 'UEFA', 'Not Qualified'),
('MSR', 'Montserrat', 'CONCACAF', 'Not Qualified'),
('MAR', 'Morocco', 'CAF', 'Qualified'),
('MOZ', 'Mozambique', 'CAF', 'Not Qualified'),
('MYA', 'Myanmar', 'AFC', 'Not Qualified'),
('NAM', 'Namibia', 'CAF', 'Not Qualified'),
('NEP', 'Nepal', 'AFC', 'Not Qualified'),
('NED', 'Netherlands', 'UEFA', 'Qualified'),
('NCL', 'New Caledonia', 'OFC', 'Not Qualified'),
('NZL', 'New Zealand', 'OFC', 'Not Qualified'),
('NCA', 'Nicaragua', 'CONCACAF', 'Not Qualified'),
('NIG', 'Niger', 'CAF', 'Not Qualified'),
('NGA', 'Nigeria', 'CAF', 'Not Qualified'),
('MKD', 'North Macedonia', 'UEFA', 'Not Qualified'),
('NIR', 'Northern Ireland', 'UEFA', 'Not Qualified'),
('NMI', 'Northern Mariana Islands', 'AFC', 'Not Qualified'),
('NOR', 'Norway', 'UEFA', 'Not Qualified'),
('OMA', 'Oman', 'AFC', 'Not Qualified'),
('PAK', 'Pakistan', 'AFC', 'Not Qualified'),
('PLE', 'Palestine', 'AFC', 'Not Qualified'),
('PAN', 'Panama', 'CONCACAF', 'Not Qualified'),
('PNG', 'Papua New Guinea', 'OFC', 'Not Qualified'),
('PAR', 'Paraguay', 'CONMEBOL', 'Not Qualified'),
('PER', 'Peru', 'CONMEBOL', 'Not Qualified'),
('PHI', 'Philippines', 'AFC', 'Not Qualified'),
('POL', 'Poland', 'UEFA', 'Qualified'),
('POR', 'Portugal', 'UEFA', 'Qualified'),
('PUR', 'Puerto Rico', 'CONCACAF', 'Not Qualified'),
('QAT', 'Qatar', 'AFC', 'Qualified'),
('IRL', 'Republic of Ireland', 'UEFA', 'Not Qualified'),
('REU', 'Réunion', 'CAF', 'Not Qualified'),
('ROU', 'Romania', 'UEFA', 'Not Qualified'),
('RUS', 'Russia', 'UEFA', 'Not Qualified'),
('RWA', 'Rwanda', 'CAF', 'Not Qualified'),
('SKN', 'Saint Kitts and Nevis', 'CONCACAF', 'Not Qualified'),
('LCA', 'Saint Lucia', 'CONCACAF', 'Not Qualified'),
('SMN', 'Saint Martin', 'CONCACAF', 'Not Qualified'),
('VIN', 'Saint Vincent and the Grenadines', 'CONCACAF', 'Not Qualified'),
('SAM', 'Samoa', 'OFC', 'Not Qualified'),
('SMR', 'San Marino', 'UEFA', 'Not Qualified'),
('STP', 'São Tomé and Príncipe', 'CAF', 'Not Qualified'),
('KSA', 'Saudi Arabia', 'AFC', 'Qualified'),
('SCO', 'Scotland', 'UEFA', 'Not Qualified'),
('SEN', 'Senegal', 'CAF', 'Qualified'),
('SRB', 'Serbia', 'UEFA', 'Qualified'),
('SEY', 'Seychelles', 'CAF', 'Not Qualified'),
('SLE', 'Sierra Leone', 'CAF', 'Not Qualified'),
('SIN', 'Singapore', 'AFC', 'Not Qualified'),
('SMA', 'Sint Maarten', 'CONCACAF', 'Not Qualified'),
('SVK', 'Slovakia', 'UEFA', 'Not Qualified'),
('SVN', 'Slovenia', 'UEFA', 'Not Qualified'),
('SOL', 'Solomon Islands', 'OFC', 'Not Qualified'),
('SOM', 'Somalia', 'CAF', 'Not Qualified'),
('RSA', 'South Africa', 'CAF', 'Not Qualified'),
('SSD', 'South Sudan', 'CAF', 'Not Qualified'),
('ESP', 'Spain', 'UEFA', 'Qualified'),
('SRI', 'Sri Lanka', 'AFC', 'Not Qualified'),
('SDN', 'Sudan', 'CAF', 'Not Qualified'),
('SUR', 'Suriname', 'CONCACAF', 'Not Qualified'),
('SWE', 'Sweden', 'UEFA', 'Not Qualified'),
('SUI', 'Switzerland', 'UEFA', 'Qualified'),
('SYR', 'Syria', 'AFC', 'Not Qualified'),
('TAH', 'Tahiti', 'OFC', 'Not Qualified'),
('TJK', 'Tajikistan', 'AFC', 'Not Qualified'),
('TAN', 'Tanzania', 'CAF', 'Not Qualified'),
('THA', 'Thailand', 'AFC', 'Not Qualified'),
('TLS', 'Timor-Leste', 'AFC', 'Not Qualified'),
('TOG', 'Togo', 'CAF', 'Not Qualified'),
('TGA', 'Tonga', 'OFC', 'Not Qualified'),
('TRI', 'Trinidad and Tobago', 'CONCACAF', 'Not Qualified'),
('TUN', 'Tunisia', 'CAF', 'Qualified'),
('TUR', 'Turkey', 'UEFA', 'Not Qualified'),
('TKM', 'Turkmenistan', 'AFC', 'Not Qualified'),
('TCA', 'Turks and Caicos Islands', 'CONCACAF', 'Not Qualified'),
('TUV', 'Tuvalu', 'OFC', 'Not Qualified'),
('VIR', 'U.S. Virgin Islands', 'CONCACAF', 'Not Qualified'),
('UGA', 'Uganda', 'CAF', 'Not Qualified'),
('UKR', 'Ukraine', 'UEFA', 'Not Qualified'),
('UAE', 'United Arab Emirates', 'AFC', 'Not Qualified'),
('URU', 'Uruguay', 'CONMEBOL', 'Qualified'),
('USA', 'USA', 'CONCACAF', 'Qualified'),
('UZB', 'Uzbekistan', 'AFC', 'Not Qualified'),
('VAN', 'Vanuatu', 'OFC', 'Not Qualified'),
('VEN', 'Venezuela', 'CONMEBOL', 'Not Qualified'),
('VIE', 'Vietnam', 'AFC', 'Not Qualified'),
('WAL', 'Wales', 'UEFA', 'Qualified'),
('YEM', 'Yemen', 'AFC', 'Not Qualified'),
('ZAM', 'Zambia', 'CAF', 'Not Qualified'),
('ZAN', 'Zanzibar', 'CAF', 'Not Qualified'),
('ZIM', 'Zimbabwe', 'CAF', 'Not Qualified');
GO

-- Stadiums
INSERT INTO Stadiums(Stadium_No, StadiumName, Capacity, City) 
VALUES
(1, 'Lisail Stadium', 80000, 'Lusail'),
(2, 'Al Bayt Stadium', 60000, 'Al Khor'),
(3, 'Khalifa International Stadium', 45416, 'Doha'),
(4, '974 Stadium', 45000, 'Doha'),
(5, 'Education City Stadium', 45000, 'Al Rayyan'),
(6, 'Al Thumama Stadium', 45000, 'Doha'),
(7, 'Al Janoub Stadium', 45000, 'Al Wakrah'),
(8, 'Ahmad Bin Stadium', 45000, 'Al Rayyan');
GO


-- 6. Insert Leagues (by club nationality)
------------------------------------------------------------
INSERT INTO Leagues(League, Nation_Code) 
VALUES
('1. Division - Crypus', 'CYP'),
('A League', 'AUS'),
('Brasilian Serie A', 'BRA'),
('Bundesliga - Austria', 'AUT'),
('Challenger Pro League', 'BEL'),
('First Division A', 'BEL'),
('Liga Professional Argentina', 'ARG'),
('CSL', 'CHN'),
('Elite One', 'CMR'),
('HNL', 'CRO'),
('Primera A', 'COL'),
('Primera Division ', 'CRC'),
('1. Division Denmark', 'DEN'),
('Superliga', 'DEN'),
('Liga Pro ', 'ECU'),
('Liga Pro Serie B', 'ECU'),
('Egyptian Premier League', 'EGY'),
('Championship', 'ENG'),
('League One', 'ENG'),
('League Two', 'ENG'),
('Premier League', 'ENG'),
('Ligue 1', 'FRA'),
('Ligue 2', 'FRA'),
('2. Bundesliga', 'GER'),
('Bundesliga', 'GER'),
('Ghana Premier League', 'GHA'),
('Super League 1', 'GRE'),
('Persian Golf Pro League', 'IRN'),
('Serie A', 'ITA'),
('Serie B', 'ITA'),
('J1 League', 'JPN'),
('J2 League', 'JPN'),
('K League 1', 'KOR'),
('K League 2', 'KOR'),
('Kuwait Premier League', 'KUW'),
('Liga MX', 'MEX'),
('Botola Pro', 'MAR'),
('Eredivisie', 'NED'),
('Ekstraklasa', 'POL'),
('Primeira Liga', 'POR'),
('Stars League', 'QAT'),
('Premier League - Russia', 'RUS'),
('Saudi Division 1', 'KSA'),
('Premiership', 'SCO'),
('Super Liga - Serbia', 'SRB'),
('La Liga', 'ESP'),
('Segunda Division', 'ESP'),
('Super League', 'SUI'),
('Ligue 1 - Tunisia', 'TUN'),
('Super Lig', 'TUR'),
('Pro League UAE', 'UAE'),
('Primera Division - Uruguay', 'URU'),
('MLS', 'USA');
GO


-- 7. Insert Clubs
------------------------------------------------------------
INSERT INTO Clubs(ClubID, Club, League) 
VALUES
('ARG-01', 'River Plate', 'Liga Professional Argentina'),
('ARG-02', 'Independiente', 'Liga Professional Argentina'),
('ARG-03', 'Newells Old Boys', 'Liga Professional Argentina'),
('ARG-04', 'Talleres', 'Liga Professional Argentina'),
('ARG-05', 'Vélez Sarsfield', 'Liga Professional Argentina'),
('AUS-01', 'Central Coast Mariners', 'A League'),
('AUS-02', 'Melbourne City', 'A League'),
('AUS-03', 'Adelaide United', 'A League'),
('AUS-04', 'Sydney FC', 'A League'),
('AST-01', 'Red Bull Salzburg', 'Bundesliga - Austria'),
('BEL-01', 'Club Brugge', 'First Division A'),
('BEL-02', 'Antwerp', 'First Division A'),
('BEL-03', 'Genk', 'First Division A'),
('BEL-04', 'Anderlecht', 'First Division A'),
('BEL-05', 'Cercle Brugge', 'First Division A'),
('BEL-06', 'Charleroi', 'First Division A'),
('BEL-07', 'Deinze', 'Challenger Pro League'),
('BEL-08', 'Eupen', 'Challenger Pro League'),
('BEL-09', 'Gent', 'First Division A'),
('BEL-10', 'Mechelen', 'First Division A'),
('BEL-11', 'Sint-Truiden', 'First Division A'),
('BEL-12', 'Standard Liège', 'First Division A'),
('BRA-01', 'Flamengo', 'Brasilian Serie A'),
('BRA-02', 'Athletico Paranaense', 'Brasilian Serie A'),
('BRA-03', 'Palmeiras', 'Brasilian Serie A'),
('BRA-04', 'São Paulo', 'Brasilian Serie A'),
('CAM-01', 'Colombe Sportive', 'Elite One'),
('CAM-02', 'Coton Sport', 'Elite One'),
('CHI-01', 'Shandong Taishan', 'CSL'),
('CHI-02', 'Shanghai Shenhua', 'CSL'),
('Col-01', 'Millonarios', 'Primera A'),
('CRA-01', 'Herediano', 'Primera Division '),
('CRA-02', 'Alajuelense', 'Primera Division '),
('CRA-03', 'Saprissa', 'Primera Division '),
('CRA-04', 'Cartaginés', 'Primera Division '),
('CRA-05', 'Guanacasteca', 'Primera Division '),
('CRA-06', 'Municipal Grecia', 'Primera Division '),
('CRA-07', 'Puntarenas', 'Primera Division '),
('CRA-08', 'San Carlos', 'Primera Division '),
('CRO-01', 'Dinamo Zagreb', 'HNL'),
('CRO-02', 'Hajduk Split', 'HNL'),
('CRO-03', 'Osijek', 'HNL'),
('CYP-01', 'Omonia', '1. Division - Crypus'),
('CYP-02', 'Pafos', '1. Division - Crypus'),
('DEN-01', 'Copenhagen', 'Superliga'),
('DEN-02', 'Brøndby', 'Superliga'),
('DEN-03', 'OB', 'Superliga'),
('DEN-04', 'Vejle', '1. Division Denmark'),
('ECU-01', 'Aucas', 'Liga Pro '),
('ECU-02', 'Imbabura', 'Liga Pro Serie B'),
('ECU-03', 'Independiente del Valle', 'Liga Pro '),
('ECU-04', 'LDU Quito', 'Liga Pro '),
('EGY-01', 'Al Ahly', 'Egyptian Premier League'),
('EGY-02', 'Zamalek', 'Egyptian Premier League'),
('ENG-01', 'Manchester City', 'Premier League'),
('ENG-02', 'Manchester United', 'Premier League'),
('ENG-03', 'Chelsea', 'Premier League'),
('ENG-04', 'Tottenham Hotspur', 'Premier League'),
('ENG-05', 'Arsenal', 'Premier League'),
('ENG-06', 'Brighton & Hove Albion', 'Premier League'),
('ENG-07', 'Leicester City', 'Premier League'),
('ENG-08', 'Liverpool', 'Premier League'),
('ENG-09', 'Brentford', 'Premier League'),
('ENG-10', 'Fulham', 'Premier League'),
('ENG-11', 'Newcastle United', 'Premier League'),
('ENG-12', 'Nottingham Forest', 'Premier League'),
('ENG-13', 'West Ham United', 'Premier League'),
('ENG-14', 'Wolverhampton Wanderers', 'Premier League'),
('ENG-15', 'Aston Villa', 'Premier League'),
('ENG-16', 'Everton', 'Premier League'),
('ENG-17', 'Leeds United', 'Premier League'),
('ENG-18', 'Reading', 'Championship'),
('ENG-19', 'Swansea City', 'Championship'),
('ENG-20', 'Birmingham City', 'Championship'),
('ENG-21', 'Bournemouth', 'Premier League'),
('ENG-22', 'Burnley', 'Championship'),
('ENG-23', 'Cardiff City', 'Championship'),
('ENG-24', 'Crystal Palace', 'Premier League'),
('ENG-25', 'Luton Town', 'Championship'),
('ENG-26', 'Queens Park Rangers', 'Championship'),
('ENG-27', 'Sheffield United', 'Championship'),
('ENG-28', 'Southampton', 'Premier League'),
('ENG-29', 'Sunderland', 'Championship'),
('ENG-30', 'AFC Wimbledon', 'League Two'),
('ENG-31', 'Bristol City', 'Championship'),
('ENG-32', 'Huddersfield Town', 'Championship'),
('ENG-33', 'Middlesbrough', 'Championship'),
('ENG-34', 'Milton Keynes Dons', 'League One'),
('ENG-35', 'Norwich City', 'Championship'),
('ENG-36', 'Portsmouth', 'League One'),
('ENG-37', 'Stoke City', 'Championship'),
('ENG-38', 'Swindon Town', 'League Two'),
('ENG-39', 'Watford', 'Championship'),
('FRA-01', 'Paris Saint-Germain', 'Ligue 1'),
('FRA-02', 'Rennes', 'Ligue 1'),
('FRA-03', 'Monaco', 'Ligue 1'),
('FRA-04', 'Marseille', 'Ligue 1'),
('FRA-05', 'Lens', 'Ligue 1'),
('FRA-06', 'Angers', 'Ligue 1'),
('FRA-07', 'Clermont', 'Ligue 1'),
('FRA-08', 'Lille', 'Ligue 1'),
('FRA-09', 'Lyon', 'Ligue 1'),
('FRA-10', 'Montpellier', 'Ligue 1'),
('FRA-11', 'Nice', 'Ligue 1'),
('FRA-12', 'Strasbourg', 'Ligue 1'),
('FRA-13', 'Troyes', 'Ligue 1'),
('FRA-14', 'Amiens', 'Ligue 2'),
('FRA-15', 'Auxerre', 'Ligue 1'),
('FRA-16', 'Brest', 'Ligue 1'),
('FRA-17', 'Caen', 'Ligue 2'),
('FRA-18', 'Lorient', 'Ligue 1'),
('FRA-19', 'Nantes', 'Ligue 1'),
('FRA-20', 'Reims', 'Ligue 1'),
('FRA-21', 'Toulouse', 'Ligue 1'),
('GER-01', 'Bayern Munich', 'Bundesliga'),
('GER-02', 'Borussia Dortmund', 'Bundesliga'),
('GER-03', 'Eintracht Frankfurt', 'Bundesliga'),
('GER-04', 'RB Leipzig', 'Bundesliga'),
('GER-05', 'Borussia Mönchengladbach', 'Bundesliga'),
('GER-06', 'SC Freiburg', 'Bundesliga'),
('GER-07', 'Bayer Leverkusen', 'Bundesliga'),
('GER-08', 'FC Augsburg', 'Bundesliga'),
('GER-09', 'Mainz 05', 'Bundesliga'),
('GER-10', 'VfB Stuttgart', 'Bundesliga'),
('GER-11', 'VfL Wolfsburg', 'Bundesliga'),
('GER-12', '1899 Hoffenheim', 'Bundesliga'),
('GER-13', 'Werder Bremen', 'Bundesliga'),
('GER-14', '1. FC Köln', 'Bundesliga'),
('GER-15', 'FC St. Pauli', '2. Bundesliga'),
('GER-16', 'Fortuna Düsseldorf', '2. Bundesliga'),
('GER-17', 'Hannover 96', '2. Bundesliga'),
('GER-18', 'Hertha BSC', 'Bundesliga'),
('GER-19', 'Schalke 04', 'Bundesliga'),
('GER-20', 'Union Berlin', 'Bundesliga'),
('GER-21', 'VfL Bochum', 'Bundesliga'),
('GNA-01', 'Asante Kotoko', 'Ghana Premier League'),
('GNA-02', 'Hearts of Oak', 'Ghana Premier League'),
('GRE-01', 'AEK Athens', 'Super League 1'),
('GRE-02', 'Olympiacos', 'Super League 1'),
('GRE-03', 'Aris', 'Super League 1'),
('GRE-04', 'Atromitos', 'Super League 1'),
('GRE-05', 'Panetolikos', 'Super League 1'),
('GRE-06', 'PAOK', 'Super League 1'),
('IRN-01', 'Persepolis', 'Persian Golf Pro League'),
('IRN-02', 'Esteghlal', 'Persian Golf Pro League'),
('IRN-03', 'Sepahan', 'Persian Golf Pro League'),
('ITA-01', 'Juventus', 'Serie A'),
('ITA-02', 'Milan', 'Serie A'),
('ITA-03', 'Internazionale', 'Serie A'),
('ITA-04', 'Napoli', 'Serie A'),
('ITA-05', 'Torino', 'Serie A'),
('ITA-06', 'Atalanta', 'Serie A'),
('ITA-07', 'Fiorentina', 'Serie A'),
('ITA-08', 'Hellas Verona', 'Serie A'),
('ITA-09', 'Roma', 'Serie A'),
('ITA-10', 'Salernitana', 'Serie A'),
('ITA-11', 'Sampdoria', 'Serie A'),
('ITA-12', 'Bologna', 'Serie A'),
('ITA-13', 'Lazio', 'Serie A'),
('ITA-14', 'Spezia', 'Serie A'),
('ITA-15', 'Bari', 'Serie B'),
('ITA-16', 'Benevento', 'Serie B'),
('ITA-17', 'Brescia', 'Serie B'),
('ITA-18', 'Cremonese', 'Serie A'),
('ITA-19', 'Sassuolo', 'Serie A'),
('ITA-20', 'Udinese', 'Serie A'),
('JPN-01', 'Kawasaki Frontale', 'J1 League'),
('JPN-02', 'Albirex Niigata', 'J2 League'),
('JPN-03', 'Fagiano Okayama', 'J2 League'),
('JPN-04', 'FC Tokyo', 'J1 League'),
('JPN-05', 'Gamba Osaka', 'J1 League'),
('JPN-06', 'Nagoya Grampus', 'J1 League'),
('JPN-07', 'Shimizu S-Pulse', 'J1 League'),
('JPN-08', 'Shonan Bellmare', 'J1 League'),
('JPN-09', 'Urawa Red Diamonds', 'J1 League'),
('KOR-01', 'Jeonbuk Hyundai Motors', 'K League 1'),
('KOR-02', 'Ulsan Hyundai', 'K League 1'),
('KOR-03', 'FC Seoul', 'K League 1'),
('KOR-04', 'Daegu FC', 'K League 1'),
('KOR-05', 'Daejeon Hana Citizen', 'K League 2'),
('KOR-06', 'Gimcheon Sangmu', 'K League 1'),
('KUW-01', 'Kuwait SC', 'Kuwait Premier League'),
('MEX-01', 'Monterrey', 'Liga MX'),
('MEX-02', 'América', 'Liga MX'),
('MEX-03', 'Cruz Azul', 'Liga MX'),
('MEX-04', 'León', 'Liga MX'),
('MEX-05', 'Pachuca', 'Liga MX'),
('MEX-06', 'Guadalajara', 'Liga MX'),
('MEX-07', 'Santos Laguna', 'Liga MX'),
('MEX-08', 'Juárez', 'Liga MX'),
('MEX-09', 'Lugo', 'Liga MX'),
('MEX-10', 'UNAM', 'Liga MX'),
('MOR-01', 'Wydad AC', 'Botola Pro'),
('NET-01', 'Ajax', 'Eredivisie'),
('NET-02', 'PSV Eindhoven', 'Eredivisie'),
('NET-03', 'Feyenoord', 'Eredivisie'),
('NET-04', 'Heerenveen', 'Eredivisie'),
('POL-01', 'Legia Warsaw', 'Ekstraklasa'),
('POL-02', 'Lech Poznań', 'Ekstraklasa'),
('POL-03', 'Pogoń Szczecin', 'Ekstraklasa'),
('POR-01', 'Benfica', 'Primeira Liga'),
('POR-02', 'Porto', 'Primeira Liga'),
('POR-03', 'Sporting CP', 'Primeira Liga'),
('POR-04', 'Braga', 'Primeira Liga'),
('POR-05', 'Chaves', 'Primeira Liga'),
('QTR-01', 'Al-Sadd', 'Stars League'),
('QTR-02', 'Al-Duhail', 'Stars League'),
('QTR-03', 'Al-Gharafa', 'Stars League'),
('QTR-04', 'Al-Ahli Doha', 'Stars League'),
('QTR-05', 'Al-Arabi', 'Stars League'),
('QTR-06', 'Al-Rayyan', 'Stars League'),
('QTR-07', 'Al-Wakrah', 'Stars League'),
('QTR-08', 'Qatar SC', 'Stars League'),
('RUS-01', 'Dynamo Moscow', 'Premier League - Russia'),
('RUS-02', 'Zenit Saint Petersburg', 'Premier League - Russia'),
('SAU-01', 'Al-Hilal', 'Saudi Division 1'),
('SAU-02', 'Al-Nassr', 'Saudi Division 1'),
('SAU-03', 'Al-Shabab', 'Saudi Division 1'),
('SAU-04', 'Abha', 'Saudi Division 1'),
('SAU-05', 'Al-Ahli', 'Saudi Division 1'),
('SAU-06', 'Al-Ittihad', 'Saudi Division 1'),
('SAU-07', 'Al-Wehda', 'Saudi Division 1'),
('SAU-08', 'Al-Ettifaq', 'Saudi Division 1'),
('SAU-09', 'Al-Fateh', 'Saudi Division 1'),
('SAU-10', 'Al-Tai', 'Saudi Division 1'),
('SCO-01', 'Celtic', 'Premiership'),
('SCO-02', 'Heart of Midlothian', 'Premiership'),
('SCO-03', 'Dundee United', 'Premiership'),
('SCO-04', 'Hibernian', 'Premiership'),
('SCO-05', 'Rangers', 'Premiership'),
('SCO-06', 'St Johnstone', 'Premiership'),
('SCO-07', 'St Mirren', 'Premiership'),
('SER-01', 'Red Star Belgrade', 'Super Liga - Serbia'),
('ESP-01', 'Barcelona', 'La Liga'),
('ESP-02', 'Real Madrid', 'La Liga'),
('ESP-03', 'Atlético Madrid', 'La Liga'),
('ESP-04', 'Sevilla', 'La Liga'),
('ESP-05', 'Real Betis', 'La Liga'),
('ESP-06', 'Villarreal', 'La Liga'),
('ESP-07', 'Valencia', 'La Liga'),
('ESP-08', 'Athletic Bilbao', 'La Liga'),
('ESP-09', 'Celta Vigo', 'La Liga'),
('ESP-10', 'Getafe', 'La Liga'),
('ESP-11', 'Mallorca', 'La Liga'),
('ESP-12', 'Osasuna', 'La Liga'),
('ESP-13', 'Valladolid', 'La Liga'),
('ESP-14', 'Almería', 'La Liga'),
('ESP-15', 'Cádiz', 'La Liga'),
('ESP-16', 'Espanyol', 'La Liga'),
('ESP-17', 'Leganés', 'Segunda Division'),
('ESP-18', 'Ponferradina', 'Segunda Division'),
('ESP-19', 'Rayo Vallecano', 'La Liga'),
('ESP-20', 'Real Sociedad', 'La Liga'),
('SWI-01', 'Young Boys', 'Super League'),
('SWI-02', 'Basel', 'Super League'),
('SWI-03', 'Luzern', 'Super League'),
('SWI-04', 'Lugano', 'Super League'),
('SWI-05', 'St. Gallen', 'Super League'),
('TUN-01', 'Espérance de Tunis', 'Ligue 1 - Tunisia'),
('TUN-02', 'Club Africain', 'Ligue 1 - Tunisia'),
('TUN-03', 'CS Sfaxien', 'Ligue 1 - Tunisia'),
('TUN-04', 'Étoile du Sahel', 'Ligue 1 - Tunisia'),
('TUN-05', 'US Monastir', 'Ligue 1 - Tunisia'),
('TUR-01', 'Galatasaray', 'Super Lig'),
('TUR-02', 'Beşiktaş', 'Super Lig'),
('TUR-03', 'Fenerbahçe', 'Super Lig'),
('TUR-04', 'Kayserispor', 'Super Lig'),
('TUR-05', 'Trabzonspor', 'Super Lig'),
('TUR-06', 'Alanyaspor', 'Super Lig'),
('TUR-07', 'Antalyaspor', 'Super Lig'),
('TUR-08', 'Ferencváros', 'Super Lig'),
('TUR-09', 'Hatayspor', 'Super Lig'),
('TUR-10', 'Konyaspor', 'Super Lig'),
('UAE-01', 'Shabab Al-Ahli', 'Pro League UAE'),
('URU-01', 'Nacional', 'Primera Division - Uruguay'),
('USA-01', 'CF Montréal', 'MLS'),
('USA-02', 'Los Angeles FC', 'MLS'),
('USA-03', 'Seattle Sounders FC', 'MLS'),
('USA-04', 'Toronto FC', 'MLS'),
('USA-05', 'Nashville SC', 'MLS'),
('USA-06', 'Atlanta United FC', 'MLS'),
('USA-07', 'Charlotte FC', 'MLS'),
('USA-08', 'Chicago Fire FC', 'MLS'),
('USA-09', 'Columbus Crew', 'MLS'),
('USA-10', 'FC Cincinnati', 'MLS'),
('USA-11', 'FC Dallas', 'MLS'),
('USA-12', 'Houston Dynamo FC', 'MLS'),
('USA-13', 'Inter Miami CF', 'MLS'),
('USA-14', 'LA Galaxy', 'MLS'),
('USA-15', 'Minnesota United FC', 'MLS'),
('USA-16', 'New York City FC', 'MLS'),
('USA-17', 'New York Red Bulls', 'MLS'),
('USA-18', 'Orlando City SC', 'MLS'),
('USA-19', 'Philadelphia Union', 'MLS'),
('USA-20', 'Real Salt Lake', 'MLS'),
('USA-21', 'Vancouver Whitecaps FC', 'MLS');
GO


-- 8. Insert Squads (830 rows)

USE World_Cup_2022;
INSERT INTO Squads(Association, PlayerNo, SquadNo, Position, PlayerName, Age, Caps, Goals, ClubID) 
VALUES
('Argentina ', '1013', '13', 'DF', 'Cristian Romero', '24', '12', '1', 'ENG-04'),
('Argentina ', '1010', '10', 'FW', 'Lionel Messi', '35', '165', '91', 'FRA-01'),
('Argentina ', '1016', '16', 'MF', 'Thiago Almada', '21', '1', '0', 'USA-06'),
('Argentina ', '1014', '14', 'MF', 'Exequiel Palacios', '24', '20', '0', 'GER-07'),
('Argentina ', '1015', '15', 'FW', 'Ángel Correa', '27', '22', '3', 'ESP-03'),
('Argentina ', '1007', '7', 'MF', 'Rodrigo De Paul', '28', '44', '2', 'ESP-03'),
('Argentina ', '1009', '9', 'FW', 'Julián Álvarez', '22', '12', '3', 'ENG-01'),
('Argentina ', '1026', '26', 'DF', 'Nahuel Molina', '24', '20', '0', 'ESP-03'),
('Argentina ', '1023', '23', 'GK', 'Emiliano Martínez', '30', '19', '0', 'ENG-15'),
('Argentina ', '1022', '22', 'FW', 'Lautaro Martínez', '25', '40', '21', 'ITA-03'),
('Argentina ', '1001', '1', 'GK', 'Franco Armani', '36', '18', '0', 'ARG-01'),
('Argentina ', '1025', '25', 'DF', 'Lisandro Martínez', '24', '10', '0', 'ENG-02'),
('Argentina ', '1024', '24', 'MF', 'Enzo Fernández', '21', '3', '0', 'POR-01'),
('Argentina ', '1019', '19', 'DF', 'Nicolás Otamendi', '34', '93', '4', 'POR-01'),
('Argentina ', '1021', '21', 'FW', 'Paulo Dybala', '29', '34', '3', 'ITA-09'),
('Argentina ', '1020', '20', 'MF', 'Alexis Mac Allister', '23', '8', '0', 'ENG-06'),
('Argentina ', '1018', '18', 'MF', 'Guido Rodríguez', '28', '26', '1', 'ESP-05'),
('Argentina ', '1005', '5', 'MF', 'Leandro Paredes', '28', '46', '4', 'ITA-01'),
('Argentina ', '1004', '4', 'DF', 'Gonzalo Montiel', '25', '18', '0', 'ESP-04'),
('Argentina ', '1011', '11', 'FW', 'Ángel Di María', '34', '124', '27', 'ITA-01'),
('Argentina ', '1012', '12', 'GK', 'Gerónimo Rulli', '30', '4', '0', 'ESP-06'),
('Argentina ', '1008', '8', 'MF', 'Marcos Acuña', '31', '43', '0', 'ESP-04'),
('Argentina ', '1003', '3', 'DF', 'Nicolás Tagliafico', '30', '42', '0', 'FRA-09'),
('Argentina ', '1017', '17', 'MF', 'Papu Gómez', '34', '15', '3', 'ESP-04'),
('Argentina ', '1002', '2', 'DF', 'Juan Foyth', '24', '16', '0', 'ESP-06'),
('Argentina ', '1006', '6', 'DF', 'Germán Pezzella', '31', '32', '2', 'ESP-05'),
('Australia ', '1030', '4', 'DF', 'Kye Rowles', '24', '3', '0', 'SCO-02'),
('Australia ', '1043', '17', 'MF', 'Cameron Devlin', '24', '1', '0', 'SCO-02'),
('Australia ', '1033', '7', 'FW', 'Mathew Leckie', '31', '73', '13', 'AUS-02'),
('Australia ', '1032', '6', 'FW', 'Martin Boyle', '29', '19', '5', 'SCO-04'),
('Australia ', '1031', '5', 'DF', 'Fran Karačić', '26', '11', '1', 'ITA-17'),
('Australia ', '1029', '3', 'DF', 'Nathaniel Atkinson', '23', '5', '0', 'SCO-02'),
('Australia ', '1050', '24', 'DF', 'Joel King', '22', '4', '0', 'DEN-03'),
('Australia ', '1052', '26', 'MF', 'Keanu Baccus', '24', '1', '0', 'SCO-07'),
('Australia ', '1037', '11', 'FW', 'Awer Mabil', '27', '29', '8', 'ESP-15'),
('Australia ', '1028', '2', 'DF', 'Miloš Degenek', '28', '38', '1', 'USA-09'),
('Australia ', '1027', '1', 'GK', 'Mathew Ryan ', '30', '75', '0', 'DEN-01'),
('Australia ', '1049', '23', 'FW', 'Craig Goodwin', '30', '10', '1', 'AUS-03'),
('Australia ', '1035', '9', 'FW', 'Jamie Maclaren', '29', '26', '8', 'AUS-02'),
('Australia ', '1044', '18', 'GK', 'Danny Vukovic', '37', '4', '0', 'AUS-01'),
('Australia ', '1042', '16', 'DF', 'Aziz Behich', '31', '53', '2', 'SCO-03'),
('Australia ', '1041', '15', 'FW', 'Mitchell Duke', '31', '21', '8', 'JPN-03'),
('Australia ', '1045', '19', 'DF', 'Harry Souttar', '24', '10', '6', 'ENG-37'),
('Australia ', '1051', '25', 'FW', 'Jason Cummings', '27', '1', '1', 'AUS-01'),
('Australia ', '1047', '21', 'FW', 'Garang Kuol', '18', '1', '0', 'AUS-01'),
('Australia ', '1040', '14', 'MF', 'Riley McGree', '24', '11', '1', 'ENG-33'),
('Australia ', '1036', '10', 'MF', 'Ajdin Hrustic', '26', '20', '3', 'ITA-08'),
('Australia ', '1034', '8', 'DF', 'Bailey Wright', '30', '27', '2', 'ENG-29'),
('Australia ', '1048', '22', 'MF', 'Jackson Irvine', '29', '49', '7', 'GER-15'),
('Australia ', '1039', '13', 'MF', 'Aaron Mooy', '32', '53', '7', 'SCO-01'),
('Australia ', '1046', '20', 'DF', 'Thomas Deng', '25', '2', '0', 'JPN-02'),
('Australia ', '1038', '12', 'GK', 'Andrew Redmayne', '33', '4', '0', 'AUS-04'),
('Belgium ', '1057', '5', 'DF', 'Jan Vertonghen', '35', '142', '9', 'BEL-04'),
('Belgium ', '1073', '21', 'MF', 'Timothy Castagne', '26', '26', '2', 'ENG-07'),
('Belgium ', '1056', '4', 'DF', 'Wout Faes', '24', '1', '0', 'ENG-07'),
('Belgium ', '1078', '26', 'DF', 'Zeno Debast', '19', '3', '0', 'BEL-04'),
('Belgium ', '1065', '13', 'GK', 'Koen Casteels', '30', '4', '0', 'GER-11'),
('Belgium ', '1072', '20', 'MF', 'Hans Vanaken', '30', '23', '5', 'BEL-01'),
('Belgium ', '1064', '12', 'GK', 'Simon Mignolet', '34', '35', '0', 'BEL-01'),
('Belgium ', '1077', '25', 'FW', 'Jérémy Doku', '20', '11', '2', 'FRA-02'),
('Belgium ', '1058', '6', 'MF', 'Axel Witsel', '33', '127', '12', 'ESP-03'),
('Belgium ', '1063', '11', 'FW', 'Yannick Carrasco', '29', '60', '8', 'ESP-03'),
('Belgium ', '1059', '7', 'MF', 'Kevin De Bruyne', '31', '94', '25', 'ENG-01'),
('Belgium ', '1053', '1', 'GK', 'Thibaut Courtois', '30', '97', '0', 'ESP-02'),
('Belgium ', '1055', '3', 'DF', 'Arthur Theate', '22', '4', '0', 'FRA-02'),
('Belgium ', '1054', '2', 'DF', 'Toby Alderweireld', '33', '124', '5', 'BEL-02'),
('Belgium ', '1062', '10', 'FW', 'Eden Hazard ', '31', '123', '33', 'ESP-02'),
('Belgium ', '1069', '17', 'FW', 'Leandro Trossard', '27', '21', '5', 'ENG-06'),
('Belgium ', '1075', '23', 'FW', 'Michy Batshuayi', '29', '48', '26', 'TUR-03'),
('Belgium ', '1076', '24', 'FW', 'Loïs Openda', '22', '5', '2', 'FRA-05'),
('Belgium ', '1061', '9', 'FW', 'Romelu Lukaku', '29', '102', '68', 'ITA-03'),
('Belgium ', '1060', '8', 'MF', 'Youri Tielemans', '25', '55', '5', 'ENG-07'),
('Belgium ', '1071', '19', 'DF', 'Leander Dendoncker', '27', '29', '1', 'ENG-15'),
('Belgium ', '1067', '15', 'MF', 'Thomas Meunier', '31', '59', '8', 'GER-02'),
('Belgium ', '1066', '14', 'FW', 'Dries Mertens', '35', '107', '21', 'TUR-01'),
('Belgium ', '1068', '16', 'MF', 'Thorgan Hazard', '29', '45', '9', 'GER-02'),
('Belgium ', '1074', '22', 'FW', 'Charles De Ketelaere', '21', '10', '1', 'ITA-02'),
('Belgium ', '1070', '18', 'MF', 'Amadou Onana', '21', '2', '0', 'ENG-16'),
('Brasil ', '1084', '6', 'DF', 'Alex Sandro', '31', '37', '2', 'ITA-01'),
('Brasil ', '1101', '23', 'GK', 'Ederson', '29', '18', '0', 'ENG-01'),
('Brasil ', '1081', '3', 'DF', 'Thiago Silva ', '38', '109', '7', 'ENG-03'),
('Brasil ', '1080', '2', 'DF', 'Danilo', '31', '46', '1', 'ITA-01'),
('Brasil ', '1085', '7', 'MF', 'Lucas Paquetá', '25', '35', '7', 'ENG-13'),
('Brasil ', '1102', '24', 'DF', 'Bremer', '25', '1', '0', 'ITA-01'),
('Brasil ', '1099', '21', 'FW', 'Rodrygo', '21', '7', '1', 'ESP-02'),
('Brasil ', '1079', '1', 'GK', 'Alisson', '30', '57', '0', 'ENG-08'),
('Brasil ', '1089', '11', 'FW', 'Raphinha', '25', '11', '5', 'ESP-01'),
('Brasil ', '1093', '15', 'MF', 'Fabinho', '29', '28', '0', 'ENG-08'),
('Brasil ', '1092', '14', 'DF', 'Éder Militão', '24', '23', '1', 'ESP-02'),
('Brasil ', '1098', '20', 'FW', 'Vinícius Júnior', '22', '16', '1', 'ESP-02'),
('Brasil ', '1090', '12', 'GK', 'Weverton', '34', '8', '0', 'BRA-03'),
('Brasil ', '1097', '19', 'FW', 'Antony', '22', '11', '2', 'ENG-02'),
('Brasil ', '1087', '9', 'FW', 'Richarlison', '25', '38', '17', 'ENG-04'),
('Brasil ', '1083', '5', 'MF', 'Casemiro', '30', '65', '5', 'ENG-02'),
('Brasil ', '1086', '8', 'MF', 'Fred', '29', '28', '0', 'ENG-02'),
('Brasil ', '1100', '22', 'MF', 'Éverton Ribeiro', '33', '21', '3', 'BRA-01'),
('Brasil ', '1103', '25', 'FW', 'Pedro', '25', '2', '1', 'BRA-01'),
('Brasil ', '1096', '18', 'FW', 'Gabriel Jesus', '25', '56', '19', 'ENG-05'),
('Brasil ', '1104', '26', 'FW', 'Gabriel Martinelli', '21', '3', '0', 'ENG-05'),
('Brasil ', '1095', '17', 'MF', 'Bruno Guimarães', '25', '8', '1', 'ENG-11'),
('Brasil ', '1094', '16', 'DF', 'Alex Telles', '29', '8', '0', 'ESP-04'),
('Brasil ', '1091', '13', 'DF', 'Dani Alves', '39', '124', '8', 'MEX-10'),
('Brasil ', '1082', '4', 'DF', 'Marquinhos', '28', '71', '5', 'FRA-01'),
('Brasil ', '1088', '10', 'FW', 'Neymar', '30', '121', '75', 'FRA-01'),
('Canada ', '1154', '24', 'MF', 'David Wotherspoon', '32', '10', '1', 'SCO-06'),
('Canada ', '1147', '17', 'FW', 'Cyle Larin', '27', '55', '25', 'BEL-01'),
('Canada ', '1139', '9', 'FW', 'Lucas Cavallini', '29', '34', '18', 'USA-21'),
('Canada ', '1136', '6', 'MF', 'Samuel Piette', '28', '66', '0', 'USA-01'),
('Canada ', '1155', '25', 'DF', 'Derek Cornelius', '24', '14', '0', 'GRE-05'),
('Canada ', '1141', '11', 'FW', 'Tajon Buchanan', '23', '26', '4', 'BEL-01'),
('Canada ', '1156', '26', 'DF', 'Joel Waterman', '26', '2', '0', 'USA-01'),
('Canada ', '1133', '3', 'DF', 'Sam Adekugbe', '27', '34', '1', 'TUR-09'),
('Canada ', '1135', '5', 'DF', 'Steven Vitória', '35', '35', '4', 'POR-05'),
('Canada ', '1137', '7', 'MF', 'Stephen Eustáquio', '25', '26', '3', 'POR-02'),
('Canada ', '1145', '15', 'MF', 'Ismaël Koné', '20', '6', '1', 'USA-01'),
('Canada ', '1138', '8', 'MF', 'Liam Fraser', '24', '15', '0', 'BEL-07'),
('Canada ', '1146', '16', 'GK', 'James Pantemis', '25', '0', '0', 'USA-01'),
('Canada ', '1140', '10', 'MF', 'Junior Hoilett', '32', '50', '14', 'ENG-18'),
('Canada ', '1152', '22', 'DF', 'Richie Laryea', '27', '34', '1', 'USA-04'),
('Canada ', '1151', '21', 'MF', 'Jonathan Osorio', '30', '57', '7', 'USA-04'),
('Canada ', '1144', '14', 'MF', 'Mark-Anthony Kaye', '27', '38', '2', 'USA-04'),
('Canada ', '1131', '1', 'GK', 'Dayne St. Clair', '25', '2', '0', 'USA-15'),
('Canada ', '1150', '20', 'FW', 'Jonathan David', '22', '35', '22', 'FRA-08'),
('Canada ', '1132', '2', 'DF', 'Alistair Johnston', '24', '30', '1', 'USA-01'),
('Canada ', '1149', '19', 'FW', 'Alphonso Davies', '22', '34', '12', 'GER-01'),
('Canada ', '1148', '18', 'GK', 'Milan Borjan', '35', '68', '0', 'SER-01'),
('Canada ', '1153', '23', 'MF', 'Liam Millar', '23', '16', '0', 'SWI-02'),
('Canada ', '1134', '4', 'DF', 'Kamal Miller', '25', '29', '0', 'USA-01'),
('Canada ', '1143', '13', 'MF', 'Atiba Hutchinson ', '39', '98', '9', 'TUR-02'),
('Canada ', '1142', '12', 'FW', 'Iké Ugbo', '24', '8', '0', 'FRA-13'),
('Cameroon ', '1128', '24', 'DF', 'Enzo Ebosse', '23', '2', '0', 'ITA-20'),
('Cameroon ', '1113', '9', 'FW', 'Jean-Pierre Nsame', '29', '4', '0', 'SWI-01'),
('Cameroon ', '1109', '5', 'MF', 'Gaël Ondoua', '27', '4', '0', 'GER-17'),
('Cameroon ', '1111', '7', 'MF', 'Georges-Kévin Nkoudou', '27', '2', '0', 'TUR-02'),
('Cameroon ', '1112', '8', 'MF', 'André-Frank Zambo Anguissa', '27', '43', '5', 'ITA-04'),
('Cameroon ', '1110', '6', 'FW', 'Moumi Ngamaleu', '28', '42', '4', 'RUS-01'),
('Cameroon ', '1120', '16', 'GK', 'Devis Epassy', '29', '5', '0', 'SAU-04'),
('Cameroon ', '1119', '15', 'MF', 'Pierre Kunde', '27', '32', '1', 'GRE-02'),
('Cameroon ', '1118', '14', 'MF', 'Samuel Gouet', '24', '22', '0', 'BEL-10'),
('Cameroon ', '1124', '20', 'FW', 'Bryan Mbeumo', '23', '3', '0', 'ENG-09'),
('Cameroon ', '1125', '21', 'DF', 'Jean-Charles Castelletto', '27', '14', '0', 'FRA-19'),
('Cameroon ', '1121', '17', 'DF', 'Olivier Mbaizo', '25', '11', '0', 'USA-19'),
('Cameroon ', '1117', '13', 'FW', 'Eric Maxim Choupo-Moting', '33', '69', '19', 'GER-01'),
('Cameroon ', '1115', '11', 'FW', 'Christian Bassogog', '27', '43', '7', 'CHI-02'),
('Cameroon ', '1106', '2', 'DF', 'Jerome Ngom Mbekeli', '24', '2', '0', 'CAM-01'),
('Cameroon ', '1107', '3', 'DF', 'Nicolas Nkoulou', '32', '78', '2', 'GRE-03'),
('Cameroon ', '1126', '22', 'MF', 'Olivier Ntcham', '26', '3', '0', 'ENG-19'),
('Cameroon ', '1105', '1', 'GK', 'Simon Ngapandouetnbu', '19', '0', '0', 'FRA-04'),
('Cameroon ', '1123', '19', 'DF', 'Collins Fai', '30', '52', '0', 'SAU-10'),
('Cameroon ', '1116', '12', 'FW', 'Karl Toko Ekambi', '30', '51', '12', 'FRA-09'),
('Cameroon ', '1127', '23', 'GK', 'André Onana', '26', '33', '0', 'ITA-03'),
('Cameroon ', '1122', '18', 'MF', 'Martin Hongla', '24', '19', '0', 'ITA-08'),
('Cameroon ', '1108', '4', 'DF', 'Christopher Wooh', '21', '3', '0', 'FRA-02'),
('Cameroon ', '1114', '10', 'FW', 'Vincent Aboubakar ', '30', '91', '33', 'SAU-02'),
('Cameroon ', '1130', '26', 'MF', 'Souaibou Marou', '21', '3', '1', 'CAM-02'),
('Cameroon ', '1129', '25', 'DF', 'Nouhou Tolo', '25', '18', '0', 'USA-03'),
('Costa Rica ', '1158', '2', 'MF', 'Daniel Chacón', '21', '8', '0', 'CRA-04'),
('Costa Rica ', '1159', '3', 'DF', 'Juan Pablo Vargas', '27', '12', '1', 'Col-01'),
('Costa Rica ', '1161', '5', 'MF', 'Celso Borges', '34', '155', '27', 'CRA-02'),
('Costa Rica ', '1167', '11', 'FW', 'Johan Venegas', '33', '82', '11', 'CRA-02'),
('Costa Rica ', '1166', '10', 'MF', 'Bryan Ruiz ', '37', '146', '29', 'CRA-02'),
('Costa Rica ', '1160', '4', 'DF', 'Keysher Fuller', '28', '31', '2', 'CRA-01'),
('Costa Rica ', '1169', '13', 'MF', 'Gerson Torres', '25', '13', '1', 'CRA-01'),
('Costa Rica ', '1173', '17', 'MF', 'Yeltsin Tejeda', '30', '73', '0', 'CRA-01'),
('Costa Rica ', '1163', '7', 'FW', 'Anthony Contreras', '22', '9', '2', 'CRA-01'),
('Costa Rica ', '1177', '21', 'MF', 'Douglas López', '24', '3', '0', 'CRA-01'),
('Costa Rica ', '1174', '18', 'GK', 'Esteban Alvarado', '33', '25', '0', 'CRA-01'),
('Costa Rica ', '1178', '22', 'DF', 'Rónald Matarrita', '28', '52', '3', 'USA-10'),
('Costa Rica ', '1176', '20', 'MF', 'Brandon Aguilera', '19', '4', '0', 'CRA-05'),
('Costa Rica ', '1172', '16', 'DF', 'Carlos Martínez', '23', '7', '0', 'CRA-08'),
('Costa Rica ', '1181', '25', 'MF', 'Anthony Hernández', '21', '3', '1', 'CRA-07'),
('Costa Rica ', '1180', '24', 'MF', 'Roan Wilson', '20', '3', '0', 'CRA-06'),
('Costa Rica ', '1179', '23', 'GK', 'Patrick Sequeira', '23', '2', '0', 'MEX-09'),
('Costa Rica ', '1171', '15', 'DF', 'Francisco Calvo', '30', '75', '8', 'TUR-10'),
('Costa Rica ', '1168', '12', 'FW', 'Joel Campbell', '30', '119', '25', 'MEX-04'),
('Costa Rica ', '1164', '8', 'DF', 'Bryan Oviedo', '32', '76', '2', 'USA-20'),
('Costa Rica ', '1162', '6', 'DF', 'Óscar Duarte', '33', '71', '4', 'SAU-07'),
('Costa Rica ', '1182', '26', 'MF', 'Álvaro Zamora', '20', '3', '0', 'CRA-03'),
('Costa Rica ', '1175', '19', 'DF', 'Kendall Waston', '34', '63', '9', 'CRA-03'),
('Costa Rica ', '1170', '14', 'MF', 'Youstin Salas', '26', '4', '0', 'CRA-03'),
('Costa Rica ', '1157', '1', 'GK', 'Keylor Navas', '35', '107', '0', 'FRA-01'),
('Costa Rica ', '1165', '9', 'MF', 'Jewison Bennette', '18', '7', '2', 'ENG-29'),
('Croatia ', '1186', '4', 'FW', 'Ivan Perišić', '33', '116', '32', 'ENG-04'),
('Croatia ', '1207', '25', 'MF', 'Luka Sučić', '20', '4', '0', 'AST-01'),
('Croatia ', '1205', '23', 'GK', 'Ivica Ivušić', '27', '5', '0', 'CRO-03'),
('Croatia ', '1203', '21', 'DF', 'Domagoj Vida', '33', '100', '4', 'GRE-01'),
('Croatia ', '1202', '20', 'DF', 'Joško Gvardiol', '20', '12', '1', 'GER-04'),
('Croatia ', '1204', '22', 'DF', 'Josip Juranović', '27', '21', '0', 'SCO-01'),
('Croatia ', '1192', '10', 'MF', 'Luka Modrić ', '37', '155', '23', 'ESP-02'),
('Croatia ', '1189', '7', 'MF', 'Lovro Majer', '24', '11', '3', 'FRA-02'),
('Croatia ', '1208', '26', 'MF', 'Kristijan Jakić', '25', '4', '0', 'GER-03'),
('Croatia ', '1193', '11', 'MF', 'Marcelo Brozović', '30', '77', '7', 'ITA-03'),
('Croatia ', '1194', '12', 'GK', 'Ivo Grbić', '26', '2', '0', 'ESP-03'),
('Croatia ', '1201', '19', 'DF', 'Borna Sosa', '24', '8', '1', 'GER-10'),
('Croatia ', '1191', '9', 'FW', 'Andrej Kramarić', '31', '74', '20', 'GER-12'),
('Croatia ', '1188', '6', 'DF', 'Dejan Lovren', '33', '72', '5', 'RUS-02'),
('Croatia ', '1187', '5', 'DF', 'Martin Erlić', '24', '4', '0', 'ITA-19'),
('Croatia ', '1197', '15', 'MF', 'Mario Pašalić', '27', '43', '7', 'ITA-06'),
('Croatia ', '1196', '14', 'FW', 'Marko Livaja', '29', '14', '3', 'CRO-02'),
('Croatia ', '1195', '13', 'MF', 'Nikola Vlašić', '25', '42', '7', 'ITA-05'),
('Croatia ', '1198', '16', 'FW', 'Bruno Petković', '28', '23', '6', 'CRO-01'),
('Croatia ', '1183', '1', 'GK', 'Dominik Livaković', '27', '34', '0', 'CRO-01'),
('Croatia ', '1199', '17', 'FW', 'Ante Budimir', '31', '15', '1', 'ESP-12'),
('Croatia ', '1185', '3', 'DF', 'Borna Barišić', '30', '28', '1', 'SCO-05'),
('Croatia ', '1206', '24', 'DF', 'Josip Šutalo', '22', '3', '0', 'CRO-01'),
('Croatia ', '1200', '18', 'FW', 'Mislav Oršić', '29', '21', '1', 'CRO-01'),
('Croatia ', '1190', '8', 'MF', 'Mateo Kovačić', '28', '84', '3', 'ENG-03'),
('Croatia ', '1184', '2', 'DF', 'Josip Stanišić', '22', '7', '0', 'GER-01'),
('Denmark ', '1216', '8', 'MF', 'Thomas Delaney', '31', '71', '7', 'ESP-04'),
('Denmark ', '1217', '9', 'FW', 'Martin Braithwaite', '31', '62', '10', 'ESP-16'),
('Denmark ', '1234', '26', 'DF', 'Alexander Bah', '24', '4', '1', 'POR-01'),
('Denmark ', '1210', '2', 'DF', 'Joachim Andersen', '26', '19', '0', 'ENG-24'),
('Denmark ', '1228', '20', 'FW', 'Yussuf Poulsen', '28', '68', '11', 'GER-04'),
('Denmark ', '1218', '10', 'MF', 'Christian Eriksen', '30', '117', '39', 'ENG-02'),
('Denmark ', '1220', '12', 'FW', 'Kasper Dolberg', '25', '37', '11', 'ESP-04'),
('Denmark ', '1222', '14', 'MF', 'Mikkel Damsgaard', '22', '18', '4', 'ENG-09'),
('Denmark ', '1223', '15', 'MF', 'Christian Nørgaard', '28', '17', '1', 'ENG-09'),
('Denmark ', '1214', '6', 'DF', 'Andreas Christensen', '26', '58', '2', 'ESP-01'),
('Denmark ', '1231', '23', 'MF', 'Pierre-Emile Højbjerg', '27', '60', '5', 'ENG-04'),
('Denmark ', '1233', '25', 'MF', 'Jesper Lindstrøm', '22', '6', '1', 'GER-03'),
('Denmark ', '1215', '7', 'MF', 'Mathias Jensen', '26', '20', '1', 'ENG-09'),
('Denmark ', '1213', '5', 'DF', 'Joakim Mæhle', '25', '31', '9', 'ITA-06'),
('Denmark ', '1224', '16', 'GK', 'Oliver Christensen', '23', '1', '0', 'GER-18'),
('Denmark ', '1232', '24', 'MF', 'Robert Skov', '26', '11', '5', 'GER-12'),
('Denmark ', '1227', '19', 'FW', 'Jonas Wind', '23', '15', '5', 'GER-11'),
('Denmark ', '1212', '4', 'DF', 'Simon Kjær ', '33', '121', '5', 'ITA-02'),
('Denmark ', '1225', '17', 'DF', 'Jens Stryger Larsen', '31', '49', '3', 'TUR-05'),
('Denmark ', '1219', '11', 'MF', 'Andreas Skov Olsen', '22', '23', '8', 'BEL-01'),
('Denmark ', '1211', '3', 'DF', 'Victor Nelsson', '24', '7', '0', 'TUR-01'),
('Denmark ', '1229', '21', 'FW', 'Andreas Cornelius', '29', '41', '9', 'DEN-01'),
('Denmark ', '1221', '13', 'DF', 'Rasmus Kristensen', '25', '10', '0', 'ENG-17'),
('Denmark ', '1209', '1', 'GK', 'Kasper Schmeichel', '36', '86', '0', 'FRA-11'),
('Denmark ', '1226', '18', 'DF', 'Daniel Wass', '33', '44', '1', 'DEN-02'),
('Denmark ', '1230', '22', 'GK', 'Frederik Rønnow', '30', '8', '0', 'GER-20'),
('Ecuador ', '1260', '26', 'FW', 'Kevin Rodríguez', '22', '1', '0', 'ECU-02'),
('Ecuador ', '1253', '19', 'MF', 'Gonzalo Plata', '22', '30', '5', 'ESP-13'),
('Ecuador ', '1251', '17', 'DF', 'Ángelo Preciado', '24', '24', '0', 'BEL-03'),
('Ecuador ', '1255', '21', 'MF', 'Alan Franco', '24', '25', '1', 'ARG-04'),
('Ecuador ', '1256', '22', 'GK', 'Alexander Domínguez', '35', '68', '0', 'ECU-04'),
('Ecuador ', '1244', '10', 'MF', 'Romario Ibarra', '28', '25', '3', 'MEX-05'),
('Ecuador ', '1258', '24', 'FW', 'Djorkaeff Reasco', '23', '4', '0', 'ARG-03'),
('Ecuador ', '1246', '12', 'GK', 'Moisés Ramírez', '22', '2', '0', 'ECU-03'),
('Ecuador ', '1245', '11', 'FW', 'Michael Estrada', '26', '36', '8', 'MEX-03'),
('Ecuador ', '1243', '9', 'MF', 'Ayrton Preciado', '28', '27', '3', 'MEX-07'),
('Ecuador ', '1247', '13', 'FW', 'Enner Valencia', '33', '74', '35', 'TUR-03'),
('Ecuador ', '1257', '23', 'MF', 'Moisés Caicedo', '21', '25', '2', 'ENG-06'),
('Ecuador ', '1238', '4', 'DF', 'Robert Arboleda', '31', '33', '2', 'BRA-04'),
('Ecuador ', '1259', '25', 'DF', 'Jackson Porozo', '22', '5', '0', 'FRA-13'),
('Ecuador ', '1235', '1', 'GK', 'Hernán Galíndez', '35', '12', '0', 'ECU-01'),
('Ecuador ', '1236', '2', 'DF', 'Félix Torres', '25', '17', '2', 'MEX-07'),
('Ecuador ', '1240', '6', 'DF', 'William Pacho', '21', '0', '0', 'BEL-02'),
('Ecuador ', '1250', '16', 'MF', 'Jeremy Sarmiento', '20', '9', '0', 'ENG-06'),
('Ecuador ', '1252', '18', 'DF', 'Diego Palacios', '23', '12', '0', 'USA-02'),
('Ecuador ', '1248', '14', 'DF', 'Xavier Arreaga', '28', '18', '1', 'USA-03'),
('Ecuador ', '1242', '8', 'MF', 'Carlos Gruezo', '27', '46', '1', 'GER-08'),
('Ecuador ', '1254', '20', 'MF', 'Jhegson Méndez', '25', '32', '0', 'USA-02'),
('Ecuador ', '1237', '3', 'DF', 'Piero Hincapié', '20', '21', '1', 'GER-07'),
('Ecuador ', '1241', '7', 'DF', 'Pervis Estupiñán', '24', '28', '3', 'ENG-06'),
('Ecuador ', '1249', '15', 'MF', 'Ángel Mena', '34', '46', '7', 'MEX-04'),
('Ecuador ', '1239', '5', 'MF', 'José Cifuentes', '23', '11', '0', 'USA-02'),
('England ', '1268', '8', 'MF', 'Jordan Henderson', '32', '70', '2', 'ENG-08'),
('England ', '1278', '18', 'DF', 'Trent Alexander-Arnold', '24', '17', '1', 'ENG-08'),
('England ', '1270', '10', 'FW', 'Raheem Sterling', '27', '79', '19', 'ENG-03'),
('England ', '1276', '16', 'DF', 'Conor Coady', '29', '10', '1', 'ENG-16'),
('England ', '1285', '25', 'MF', 'James Maddison', '25', '1', '0', 'ENG-07'),
('England ', '1282', '22', 'MF', 'Jude Bellingham', '19', '17', '0', 'GER-02'),
('England ', '1261', '1', 'GK', 'Jordan Pickford', '28', '45', '0', 'ENG-16'),
('England ', '1279', '19', 'MF', 'Mason Mount', '23', '32', '5', 'ENG-03'),
('England ', '1277', '17', 'FW', 'Bukayo Saka', '21', '20', '4', 'ENG-05'),
('England ', '1281', '21', 'DF', 'Ben White', '25', '4', '0', 'ENG-05'),
('England ', '1283', '23', 'GK', 'Aaron Ramsdale', '24', '3', '0', 'ENG-05'),
('England ', '1284', '24', 'FW', 'Callum Wilson', '30', '4', '1', 'ENG-11'),
('England ', '1286', '26', 'MF', 'Conor Gallagher', '22', '4', '0', 'ENG-03'),
('England ', '1272', '12', 'DF', 'Kieran Trippier', '32', '37', '1', 'ENG-11'),
('England ', '1273', '13', 'GK', 'Nick Pope', '30', '10', '0', 'ENG-11'),
('England ', '1269', '9', 'FW', 'Harry Kane ', '29', '75', '51', 'ENG-04'),
('England ', '1275', '15', 'DF', 'Eric Dier', '28', '47', '3', 'ENG-04'),
('England ', '1280', '20', 'MF', 'Phil Foden', '22', '18', '2', 'ENG-01'),
('England ', '1274', '14', 'MF', 'Kalvin Phillips', '26', '23', '0', 'ENG-01'),
('England ', '1267', '7', 'FW', 'Jack Grealish', '27', '24', '1', 'ENG-01'),
('England ', '1265', '5', 'DF', 'John Stones', '28', '59', '3', 'ENG-01'),
('England ', '1264', '4', 'MF', 'Declan Rice', '23', '34', '2', 'ENG-13'),
('England ', '1271', '11', 'FW', 'Marcus Rashford', '25', '46', '12', 'ENG-02'),
('England ', '1262', '2', 'DF', 'Kyle Walker', '32', '70', '0', 'ENG-01'),
('England ', '1266', '6', 'DF', 'Harry Maguire', '29', '48', '7', 'ENG-02'),
('England ', '1263', '3', 'DF', 'Luke Shaw', '27', '23', '3', 'ENG-02'),
('Spain ', '1689', '15', 'DF', 'Hugo Guillamón', '22', '3', '1', 'ESP-07'),
('Spain ', '1690', '16', 'MF', 'Rodri', '26', '35', '1', 'ENG-01'),
('Spain ', '1691', '17', 'FW', 'Yeremy Pino', '20', '7', '1', 'ESP-06'),
('Spain ', '1692', '18', 'DF', 'Jordi Alba', '33', '87', '9', 'ESP-01'),
('Spain ', '1696', '22', 'FW', 'Pablo Sarabia', '30', '25', '9', 'FRA-01'),
('Spain ', '1699', '25', 'FW', 'Ansu Fati', '20', '5', '2', 'ESP-01'),
('Spain ', '1697', '23', 'GK', 'Unai Simón', '25', '27', '0', 'ESP-08'),
('Spain ', '1698', '24', 'DF', 'Aymeric Laporte', '28', '16', '1', 'ENG-01'),
('Spain ', '1700', '26', 'MF', 'Pedri', '19', '14', '0', 'ESP-01'),
('Spain ', '1694', '20', 'DF', 'Dani Carvajal', '30', '31', '0', 'ESP-02'),
('Spain ', '1693', '19', 'MF', 'Carlos Soler', '25', '12', '3', 'FRA-01'),
('Spain ', '1675', '1', 'GK', 'Robert Sánchez', '25', '2', '0', 'ENG-06'),
('Spain ', '1695', '21', 'FW', 'Dani Olmo', '24', '25', '4', 'GER-04'),
('Spain ', '1688', '14', 'DF', 'Alejandro Balde', '19', '0', '0', 'ESP-01'),
('Spain ', '1680', '6', 'MF', 'Marcos Llorente', '27', '17', '0', 'ESP-03'),
('Spain ', '1679', '5', 'MF', 'Sergio Busquets ', '34', '139', '2', 'ESP-01'),
('Spain ', '1678', '4', 'DF', 'Pau Torres', '25', '22', '1', 'ESP-06'),
('Spain ', '1682', '8', 'MF', 'Koke', '30', '68', '0', 'ESP-03'),
('Spain ', '1681', '7', 'FW', 'Álvaro Morata', '30', '57', '27', 'ESP-03'),
('Spain ', '1684', '10', 'FW', 'Marco Asensio', '26', '31', '1', 'ESP-02'),
('Spain ', '1683', '9', 'MF', 'Gavi', '18', '13', '2', 'ESP-01'),
('Spain ', '1685', '11', 'FW', 'Ferran Torres', '22', '31', '13', 'ESP-01'),
('Spain ', '1686', '12', 'FW', 'Nico Williams', '20', '3', '1', 'ESP-08'),
('Spain ', '1687', '13', 'GK', 'David Raya', '27', '2', '0', 'ENG-09'),
('Spain ', '1677', '3', 'DF', 'Eric García', '21', '19', '0', 'ESP-01'),
('Spain ', '1676', '2', 'DF', 'César Azpilicueta', '33', '42', '1', 'ENG-03'),
('France ', '1292', '6', 'MF', 'Matteo Guendouzi', '23', '6', '1', 'FRA-04'),
('France ', '1304', '18', 'DF', 'Dayot Upamecano', '24', '7', '1', 'GER-01'),
('France ', '1305', '19', 'FW', 'Karim Benzema', '34', '97', '37', 'ESP-02'),
('France ', '1306', '20', 'FW', 'Kingsley Coman', '26', '40', '5', 'GER-01'),
('France ', '1301', '15', 'MF', 'Jordan Veretout', '29', '5', '0', 'FRA-04'),
('France ', '1302', '16', 'GK', 'Steve Mandanda', '37', '34', '0', 'FRA-02'),
('France ', '1303', '17', 'DF', 'William Saliba', '21', '7', '0', 'ENG-05'),
('France ', '1310', '24', 'DF', 'Ibrahima Konaté', '23', '2', '0', 'ENG-08'),
('France ', '1311', '25', 'MF', 'Eduardo Camavinga', '20', '4', '1', 'ESP-02'),
('France ', '1312', '26', 'FW', 'Marcus Thuram', '25', '4', '0', 'GER-05'),
('France ', '1307', '21', 'DF', 'Lucas Hernandez', '26', '32', '0', 'GER-01'),
('France ', '1308', '22', 'DF', 'Theo Hernandez', '25', '7', '1', 'ITA-02'),
('France ', '1309', '23', 'GK', 'Alphonse Areola', '29', '5', '0', 'ENG-13'),
('France ', '1300', '14', 'MF', 'Adrien Rabiot', '27', '29', '2', 'ITA-01'),
('France ', '1295', '9', 'FW', 'Olivier Giroud', '36', '114', '49', 'ITA-02'),
('France ', '1294', '8', 'MF', 'Aurélien Tchouaméni', '22', '14', '1', 'ESP-02'),
('France ', '1290', '4', 'DF', 'Raphaël Varane', '29', '87', '5', 'ENG-02'),
('France ', '1288', '2', 'DF', 'Benjamin Pavard', '26', '46', '2', 'GER-01'),
('France ', '1297', '11', 'FW', 'Ousmane Dembélé', '25', '28', '4', 'ESP-01'),
('France ', '1291', '5', 'DF', 'Jules Koundé', '24', '12', '0', 'ESP-01'),
('France ', '1298', '12', 'FW', 'Randal Kolo Muani', '23', '2', '0', 'GER-03'),
('France ', '1289', '3', 'DF', 'Axel Disasi', '24', '0', '0', 'FRA-03'),
('France ', '1299', '13', 'MF', 'Youssouf Fofana', '23', '2', '0', 'FRA-03'),
('France ', '1287', '1', 'GK', 'Hugo Lloris ', '35', '139', '0', 'ENG-04'),
('France ', '1296', '10', 'FW', 'Kylian Mbappé', '23', '59', '28', 'FRA-01'),
('France ', '1293', '7', 'FW', 'Antoine Griezmann', '31', '110', '42', 'ESP-03'),
('Germany ', '1315', '3', 'DF', 'David Raum', '24', '12', '0', 'GER-04'),
('Germany ', '1314', '2', 'DF', 'Antonio Rüdiger', '29', '54', '2', 'ESP-02'),
('Germany ', '1313', '1', 'GK', 'Manuel Neuer ', '36', '114', '0', 'GER-01'),
('Germany ', '1327', '15', 'DF', 'Niklas Süle', '27', '42', '1', 'GER-02'),
('Germany ', '1326', '14', 'MF', 'Jamal Musiala', '19', '17', '1', 'GER-01'),
('Germany ', '1325', '13', 'MF', 'Thomas Müller', '33', '118', '44', 'GER-01'),
('Germany ', '1320', '8', 'MF', 'Leon Goretzka', '27', '45', '14', 'GER-01'),
('Germany ', '1329', '17', 'MF', 'Julian Brandt', '26', '39', '3', 'GER-02'),
('Germany ', '1328', '16', 'DF', 'Lukas Klostermann', '26', '19', '0', 'GER-04'),
('Germany ', '1324', '12', 'GK', 'Kevin Trapp', '32', '6', '0', 'GER-03'),
('Germany ', '1317', '5', 'DF', 'Thilo Kehrer', '26', '23', '0', 'ENG-13'),
('Germany ', '1321', '9', 'FW', 'Niclas Füllkrug', '29', '1', '1', 'GER-13'),
('Germany ', '1319', '7', 'FW', 'Kai Havertz', '23', '31', '10', 'ENG-03'),
('Germany ', '1323', '11', 'MF', 'Mario Götze', '30', '63', '17', 'GER-03'),
('Germany ', '1322', '10', 'FW', 'Serge Gnabry', '27', '36', '20', 'GER-01'),
('Germany ', '1316', '4', 'DF', 'Matthias Ginter', '28', '47', '2', 'GER-06'),
('Germany ', '1336', '24', 'FW', 'Karim Adeyemi', '20', '4', '1', 'GER-02'),
('Germany ', '1335', '23', 'DF', 'Nico Schlotterbeck', '22', '6', '0', 'GER-02'),
('Germany ', '1337', '25', 'DF', 'Armel Bella-Kotchap', '20', '2', '0', 'ENG-28'),
('Germany ', '1318', '6', 'MF', 'Joshua Kimmich', '27', '71', '5', 'GER-01'),
('Germany ', '1338', '26', 'FW', 'Youssoufa Moukoko', '18', '1', '0', 'GER-02'),
('Germany ', '1331', '19', 'MF', 'Leroy Sané', '26', '48', '11', 'GER-01'),
('Germany ', '1330', '18', 'MF', 'Jonas Hofmann', '30', '17', '4', 'GER-05'),
('Germany ', '1332', '20', 'DF', 'Christian Günter', '29', '7', '0', 'GER-06'),
('Germany ', '1334', '22', 'GK', 'Marc-André ter Stegen', '30', '30', '0', 'ESP-01'),
('Germany ', '1333', '21', 'MF', 'İlkay Gündoğan', '32', '63', '16', 'ENG-01'),
('Ghana ', '1342', '4', 'DF', 'Mohammed Salisu', '23', '3', '1', 'ENG-28'),
('Ghana ', '1341', '3', 'DF', 'Denis Odoi', '34', '4', '0', 'BEL-01'),
('Ghana ', '1339', '1', 'GK', 'Lawrence Ati-Zigi', '25', '11', '0', 'SWI-05'),
('Ghana ', '1340', '2', 'DF', 'Tariq Lamptey', '22', '2', '0', 'ENG-06'),
('Ghana ', '1351', '13', 'MF', 'Daniel Afriyie', '21', '7', '3', 'GNA-02'),
('Ghana ', '1350', '12', 'GK', 'Ibrahim Danlad', '19', '4', '0', 'GNA-01'),
('Ghana ', '1352', '14', 'DF', 'Gideon Mensah', '24', '12', '0', 'FRA-15'),
('Ghana ', '1354', '16', 'GK', 'Abdul Manaf Nurudeen', '23', '2', '0', 'BEL-08'),
('Ghana ', '1353', '15', 'DF', 'Joseph Aidoo', '27', '11', '0', 'ESP-09'),
('Ghana ', '1349', '11', 'MF', 'Osman Bukari', '23', '7', '1', 'SER-01'),
('Ghana ', '1345', '7', 'MF', 'Abdul Fatawu Issahaku', '18', '13', '1', 'POR-03'),
('Ghana ', '1344', '6', 'MF', 'Elisha Owusu', '25', '3', '0', 'BEL-09'),
('Ghana ', '1346', '8', 'MF', 'Daniel-Kofi Kyereh', '26', '15', '0', 'GER-06'),
('Ghana ', '1348', '10', 'FW', 'André Ayew ', '32', '110', '23', 'QTR-01'),
('Ghana ', '1347', '9', 'FW', 'Jordan Ayew', '31', '84', '19', 'ENG-24'),
('Ghana ', '1362', '24', 'MF', 'Kamal Sowah', '22', '1', '0', 'BEL-01'),
('Ghana ', '1361', '23', 'DF', 'Alexander Djiku', '28', '18', '1', 'FRA-12'),
('Ghana ', '1363', '25', 'FW', 'Antoine Semenyo', '22', '4', '1', 'ENG-31'),
('Ghana ', '1343', '5', 'MF', 'Thomas Partey', '29', '40', '13', 'ENG-05'),
('Ghana ', '1364', '26', 'DF', 'Alidu Seidu', '22', '4', '0', 'FRA-07'),
('Ghana ', '1360', '22', 'MF', 'Kamaldeen Sulemana', '20', '13', '0', 'FRA-02'),
('Ghana ', '1356', '18', 'DF', 'Daniel Amartey', '27', '46', '0', 'ENG-07'),
('Ghana ', '1355', '17', 'DF', 'Baba Rahman', '28', '48', '1', 'ENG-18'),
('Ghana ', '1357', '19', 'FW', 'Iñaki Williams', '28', '3', '0', 'ESP-08'),
('Ghana ', '1359', '21', 'MF', 'Salis Abdul Samed', '22', '1', '0', 'FRA-05'),
('Ghana ', '1358', '20', 'MF', 'Mohammed Kudus', '22', '18', '4', 'NET-01'),
('Iran ', '1379', '15', 'DF', 'Rouzbeh Cheshmi', '29', '19', '1', 'IRN-02'),
('Iran ', '1380', '16', 'MF', 'Mehdi Torabi', '28', '36', '7', 'IRN-01'),
('Iran ', '1381', '17', 'MF', 'Ali Gholizadeh', '26', '26', '6', 'BEL-06'),
('Iran ', '1382', '18', 'MF', 'Ali Karimi', '28', '13', '0', 'TUR-04'),
('Iran ', '1389', '25', 'DF', 'Abolfazl Jalali', '24', '3', '0', 'IRN-02'),
('Iran ', '1377', '13', 'DF', 'Hossein Kanaanizadegan', '28', '35', '2', 'QTR-04'),
('Iran ', '1378', '14', 'MF', 'Saman Ghoddos', '29', '33', '2', 'ENG-09'),
('Iran ', '1386', '22', 'GK', 'Amir Abedzadeh', '29', '11', '0', 'ESP-18'),
('Iran ', '1387', '23', 'DF', 'Ramin Rezaeian', '32', '46', '2', 'IRN-03'),
('Iran ', '1388', '24', 'GK', 'Hossein Hosseini', '30', '6', '0', 'IRN-02'),
('Iran ', '1383', '19', 'DF', 'Majid Hosseini', '26', '18', '0', 'TUR-04'),
('Iran ', '1384', '20', 'FW', 'Sardar Azmoun', '27', '65', '41', 'GER-07'),
('Iran ', '1385', '21', 'MF', 'Ahmad Nourollahi', '29', '25', '3', 'UAE-01'),
('Iran ', '1367', '3', 'DF', 'Ehsan Hajsafi ', '32', '121', '7', 'GRE-01'),
('Iran ', '1368', '4', 'DF', 'Shojae Khalilzadeh', '33', '25', '1', 'QTR-04'),
('Iran ', '1369', '5', 'DF', 'Milad Mohammadi', '29', '45', '1', 'GRE-01'),
('Iran ', '1376', '12', 'GK', 'Payam Niazmand', '27', '1', '0', 'IRN-03'),
('Iran ', '1365', '1', 'GK', 'Alireza Beiranvand', '30', '52', '0', 'IRN-01'),
('Iran ', '1366', '2', 'DF', 'Sadegh Moharrami', '26', '21', '0', 'CRO-01'),
('Iran ', '1373', '9', 'FW', 'Mehdi Taremi', '30', '60', '28', 'POR-02'),
('Iran ', '1374', '10', 'FW', 'Karim Ansarifard', '32', '94', '29', 'CYP-01'),
('Iran ', '1375', '11', 'MF', 'Vahid Amiri', '34', '68', '2', 'IRN-01'),
('Iran ', '1370', '6', 'MF', 'Saeid Ezatolahi', '26', '47', '1', 'DEN-04'),
('Iran ', '1371', '7', 'MF', 'Alireza Jahanbakhsh', '29', '64', '13', 'NET-03'),
('Iran ', '1372', '8', 'DF', 'Morteza Pouraliganji', '30', '46', '3', 'IRN-01'),
('Japan ', '1393', '4', 'DF', 'Ko Itakura', '25', '13', '1', 'GER-05'),
('Japan ', '1390', '1', 'GK', 'Eiji Kawashima', '39', '95', '0', 'FRA-12'),
('Japan ', '1402', '13', 'MF', 'Hidemasa Morita', '27', '17', '2', 'POR-03'),
('Japan ', '1401', '12', 'GK', 'Shūichi Gonda', '33', '34', '0', 'JPN-07'),
('Japan ', '1400', '11', 'MF', 'Takefusa Kubo', '21', '20', '1', 'ESP-20'),
('Japan ', '1392', '3', 'DF', 'Shogo Taniguchi', '31', '14', '0', 'JPN-01'),
('Japan ', '1404', '15', 'MF', 'Daichi Kamada', '26', '22', '6', 'GER-03'),
('Japan ', '1403', '14', 'MF', 'Junya Ito', '29', '38', '9', 'FRA-20'),
('Japan ', '1396', '7', 'MF', 'Gaku Shibasaki', '30', '60', '3', 'ESP-17'),
('Japan ', '1395', '6', 'MF', 'Wataru Endo', '29', '43', '2', 'GER-10'),
('Japan ', '1394', '5', 'DF', 'Yuto Nagatomo', '36', '138', '4', 'JPN-04'),
('Japan ', '1399', '10', 'MF', 'Takumi Minamino', '27', '44', '17', 'FRA-03'),
('Japan ', '1398', '9', 'MF', 'Kaoru Mitoma', '25', '9', '5', 'ENG-06'),
('Japan ', '1397', '8', 'MF', 'Ritsu Dōan', '24', '29', '3', 'GER-06'),
('Japan ', '1414', '25', 'FW', 'Daizen Maeda', '25', '8', '1', 'SCO-01'),
('Japan ', '1413', '24', 'MF', 'Yuki Soma', '25', '8', '4', 'JPN-06'),
('Japan ', '1412', '23', 'GK', 'Daniel Schmidt', '30', '11', '0', 'BEL-11'),
('Japan ', '1405', '16', 'DF', 'Takehiro Tomiyasu', '24', '29', '1', 'ENG-05'),
('Japan ', '1391', '2', 'DF', 'Miki Yamane', '28', '15', '2', 'JPN-01'),
('Japan ', '1415', '26', 'DF', 'Hiroki Ito', '23', '6', '0', 'GER-10'),
('Japan ', '1408', '19', 'DF', 'Hiroki Sakai', '32', '72', '1', 'JPN-09'),
('Japan ', '1407', '18', 'FW', 'Takuma Asano', '28', '37', '7', 'GER-21'),
('Japan ', '1406', '17', 'MF', 'Ao Tanaka', '24', '15', '2', 'GER-16'),
('Japan ', '1411', '22', 'DF', 'Maya Yoshida ', '34', '122', '12', 'GER-19'),
('Japan ', '1410', '21', 'FW', 'Ayase Ueda', '24', '11', '0', 'BEL-05'),
('Japan ', '1409', '20', 'FW', 'Shuto Machino', '23', '4', '3', 'JPN-08'),
('Korea Rep ', '1416', '1', 'GK', 'Kim Seung-gyu', '32', '67', '0', 'SAU-03'),
('Korea Rep ', '1433', '18', 'MF', 'Lee Kang-in', '21', '6', '0', 'ESP-11'),
('Korea Rep ', '1434', '19', 'DF', 'Kim Young-gwon', '32', '96', '6', 'KOR-02'),
('Korea Rep ', '1435', '20', 'DF', 'Kwon Kyung-won', '30', '28', '2', 'JPN-05'),
('Korea Rep ', '1430', '15', 'DF', 'Kim Moon-hwan', '27', '22', '0', 'KOR-01'),
('Korea Rep ', '1431', '16', 'FW', 'Hwang Ui-jo', '30', '49', '16', 'GRE-02'),
('Korea Rep ', '1432', '17', 'MF', 'Na Sang-ho', '26', '24', '2', 'KOR-03'),
('Korea Rep ', '1439', '24', 'DF', 'Cho Yu-min', '26', '4', '0', 'KOR-05'),
('Korea Rep ', '1440', '25', 'MF', 'Jeong Woo-yeong', '23', '9', '2', 'GER-06'),
('Korea Rep ', '1441', '26', 'MF', 'Song Min-kyu', '23', '13', '1', 'KOR-01'),
('Korea Rep ', '1436', '21', 'GK', 'Jo Hyeon-woo', '31', '22', '0', 'KOR-02'),
('Korea Rep ', '1437', '22', 'MF', 'Kwon Chang-hoon', '28', '42', '12', 'KOR-06'),
('Korea Rep ', '1438', '23', 'DF', 'Kim Tae-hwan', '33', '19', '0', 'KOR-02'),
('Korea Rep ', '1429', '14', 'DF', 'Hong Chul', '32', '46', '1', 'KOR-04'),
('Korea Rep ', '1420', '5', 'MF', 'Jung Woo-young', '32', '66', '3', 'QTR-01'),
('Korea Rep ', '1421', '6', 'MF', 'Hwang In-beom', '26', '37', '4', 'GRE-02'),
('Korea Rep ', '1422', '7', 'MF', 'Son Heung-min ', '30', '104', '35', 'ENG-04'),
('Korea Rep ', '1417', '2', 'DF', 'Yoon Jong-gyu', '24', '4', '0', 'KOR-03'),
('Korea Rep ', '1418', '3', 'DF', 'Kim Jin-su', '30', '61', '2', 'KOR-01'),
('Korea Rep ', '1419', '4', 'DF', 'Kim Min-jae', '26', '44', '3', 'ITA-04'),
('Korea Rep ', '1426', '11', 'MF', 'Hwang Hee-chan', '26', '49', '9', 'ENG-14'),
('Korea Rep ', '1427', '12', 'GK', 'Song Bum-keun', '25', '1', '0', 'KOR-01'),
('Korea Rep ', '1428', '13', 'MF', 'Son Jun-ho', '30', '15', '0', 'CHI-01'),
('Korea Rep ', '1423', '8', 'MF', 'Paik Seung-ho', '25', '14', '2', 'KOR-01'),
('Korea Rep ', '1424', '9', 'FW', 'Cho Gue-sung', '24', '16', '4', 'KOR-01'),
('Korea Rep ', '1425', '10', 'MF', 'Lee Jae-sung', '30', '64', '9', 'GER-09'),
('Saudi Arabia ', '1616', '19', 'FW', 'Hattan Bahebri', '30', '41', '4', 'SAU-03'),
('Saudi Arabia ', '1617', '20', 'FW', 'Abdulrahman Al-Aboud', '27', '3', '0', 'SAU-06'),
('Saudi Arabia ', '1618', '21', 'GK', 'Mohammed Al-Owais', '31', '42', '0', 'SAU-01'),
('Saudi Arabia ', '1613', '16', 'MF', 'Sami Al-Najei', '25', '17', '2', 'SAU-02'),
('Saudi Arabia ', '1614', '17', 'DF', 'Hassan Al-Tambakti', '23', '19', '0', 'SAU-03'),
('Saudi Arabia ', '1615', '18', 'MF', 'Nawaf Al-Abed', '32', '55', '8', 'SAU-03'),
('Saudi Arabia ', '1622', '25', 'FW', 'Haitham Asiri', '21', '8', '1', 'SAU-05'),
('Saudi Arabia ', '1623', '26', 'MF', 'Riyadh Sharahili', '29', '5', '0', 'SAU-04'),
('Saudi Arabia ', '1599', '2', 'DF', 'Sultan Al-Ghannam', '28', '24', '0', 'SAU-02'),
('Saudi Arabia ', '1619', '22', 'GK', 'Nawaf Al-Aqidi', '22', '0', '0', 'SAU-02'),
('Saudi Arabia ', '1620', '23', 'MF', 'Mohamed Kanno', '28', '38', '1', 'SAU-01'),
('Saudi Arabia ', '1621', '24', 'MF', 'Nasser Al-Dawsari', '23', '10', '0', 'SAU-01'),
('Saudi Arabia ', '1612', '15', 'MF', 'Ali Al-Hassan', '25', '13', '1', 'SAU-02'),
('Saudi Arabia ', '1603', '6', 'DF', 'Mohammed Al-Breik', '30', '40', '1', 'SAU-01'),
('Saudi Arabia ', '1604', '7', 'MF', 'Salman Al-Faraj ', '33', '70', '8', 'SAU-01'),
('Saudi Arabia ', '1605', '8', 'MF', 'Abdulellah Al-Malki', '28', '27', '0', 'SAU-01'),
('Saudi Arabia ', '1600', '3', 'DF', 'Abdullah Madu', '29', '15', '0', 'SAU-02'),
('Saudi Arabia ', '1601', '4', 'DF', 'Abdulelah Al-Amri', '25', '20', '1', 'SAU-02'),
('Saudi Arabia ', '1602', '5', 'DF', 'Ali Al-Bulaihi', '32', '37', '0', 'SAU-01'),
('Saudi Arabia ', '1609', '12', 'DF', 'Saud Abdulhamid', '23', '23', '1', 'SAU-01'),
('Saudi Arabia ', '1610', '13', 'DF', 'Yasser Al-Shahrani', '30', '72', '2', 'SAU-01'),
('Saudi Arabia ', '1611', '14', 'MF', 'Abdullah Otayf', '30', '45', '1', 'SAU-01'),
('Saudi Arabia ', '1606', '9', 'FW', 'Firas Al-Buraikan', '22', '26', '6', 'SAU-09'),
('Saudi Arabia ', '1607', '10', 'FW', 'Salem Al-Dawsari', '31', '71', '17', 'SAU-01'),
('Saudi Arabia ', '1608', '11', 'FW', 'Saleh Al-Shehri', '29', '20', '10', 'SAU-01'),
('Saudi Arabia ', '1598', '1', 'GK', 'Mohammed Al-Rubaie', '25', '7', '0', 'SAU-05'),
('Morocco ', '1477', '10', 'MF', 'Anass Zaroury', '22', '1', '0', 'ENG-22'),
('Morocco ', '1476', '9', 'FW', 'Abderrazak Hamdallah', '31', '18', '6', 'SAU-06'),
('Morocco ', '1475', '8', 'MF', 'Azzedine Ounahi', '22', '10', '2', 'FRA-06'),
('Morocco ', '1480', '13', 'MF', 'Ilias Chair', '25', '11', '1', 'ENG-26'),
('Morocco ', '1479', '12', 'GK', 'Munir Mohamedi', '33', '43', '0', 'SAU-07'),
('Morocco ', '1478', '11', 'FW', 'Abdelhamid Sabiri', '25', '2', '1', 'ITA-11'),
('Morocco ', '1474', '7', 'MF', 'Hakim Ziyech', '29', '43', '18', 'ENG-03'),
('Morocco ', '1469', '2', 'DF', 'Achraf Hakimi', '24', '54', '8', 'FRA-01'),
('Morocco ', '1468', '1', 'GK', 'Yassine Bounou', '31', '46', '0', 'ESP-04'),
('Morocco ', '1483', '16', 'FW', 'Abde Ezzalzouli', '20', '2', '0', 'ESP-12'),
('Morocco ', '1470', '3', 'DF', 'Noussair Mazraoui', '25', '15', '2', 'GER-01'),
('Morocco ', '1473', '6', 'DF', 'Romain Saïss ', '32', '66', '1', 'TUR-02'),
('Morocco ', '1472', '5', 'DF', 'Nayef Aguerd', '26', '22', '1', 'ENG-13'),
('Morocco ', '1471', '4', 'MF', 'Sofyan Amrabat', '26', '39', '0', 'ITA-07'),
('Morocco ', '1481', '14', 'MF', 'Zakaria Aboukhlal', '22', '12', '2', 'FRA-21'),
('Morocco ', '1490', '23', 'MF', 'Bilal El Khannous', '18', '0', '0', 'BEL-03'),
('Morocco ', '1489', '22', 'GK', 'Ahmed Reda Tagnaouti', '26', '3', '0', 'MOR-01'),
('Morocco ', '1491', '24', 'DF', 'Badr Benoun', '29', '3', '0', 'QTR-08'),
('Morocco ', '1493', '26', 'MF', 'Yahya Jabrane', '31', '5', '0', 'MOR-01'),
('Morocco ', '1492', '25', 'DF', 'Yahia Attiyat Allah', '27', '2', '0', 'MOR-01'),
('Morocco ', '1488', '21', 'FW', 'Walid Cheddira', '24', '2', '0', 'ITA-15'),
('Morocco ', '1484', '17', 'MF', 'Sofiane Boufal', '29', '32', '6', 'FRA-06'),
('Morocco ', '1482', '15', 'MF', 'Selim Amallah', '26', '24', '4', 'BEL-12'),
('Morocco ', '1485', '18', 'DF', 'Jawad El Yamiq', '30', '12', '2', 'ESP-13'),
('Morocco ', '1487', '20', 'DF', 'Achraf Dari', '23', '4', '0', 'FRA-16'),
('Morocco ', '1486', '19', 'FW', 'Youssef En-Nesyri', '25', '50', '15', 'ESP-04'),
('Mexico ', '1443', '2', 'DF', 'Néstor Araujo', '31', '63', '3', 'MEX-02'),
('Mexico ', '1442', '1', 'GK', 'Alfredo Talavera', '40', '40', '0', 'MEX-08'),
('Mexico ', '1444', '3', 'DF', 'César Montes', '25', '30', '1', 'MEX-01'),
('Mexico ', '1459', '18', 'MF', 'Andrés Guardado ', '36', '178', '28', 'ESP-05'),
('Mexico ', '1460', '19', 'DF', 'Jorge Sánchez', '24', '26', '1', 'NET-01'),
('Mexico ', '1458', '17', 'FW', 'Orbelín Pineda', '26', '50', '6', 'GRE-01'),
('Mexico ', '1456', '15', 'DF', 'Héctor Moreno', '34', '128', '5', 'MEX-01'),
('Mexico ', '1457', '16', 'MF', 'Héctor Herrera', '32', '102', '10', 'USA-12'),
('Mexico ', '1462', '21', 'FW', 'Uriel Antuna', '25', '36', '9', 'MEX-03'),
('Mexico ', '1466', '25', 'FW', 'Roberto Alvarado', '24', '31', '4', 'MEX-06'),
('Mexico ', '1467', '26', 'DF', 'Kevin Álvarez', '23', '8', '0', 'MEX-05'),
('Mexico ', '1465', '24', 'MF', 'Luis Chávez', '26', '9', '0', 'MEX-05'),
('Mexico ', '1463', '22', 'FW', 'Hirving Lozano', '27', '60', '16', 'ITA-04'),
('Mexico ', '1464', '23', 'DF', 'Jesús Gallardo', '28', '78', '1', 'MEX-01'),
('Mexico ', '1455', '14', 'MF', 'Érick Gutiérrez', '27', '34', '1', 'NET-02'),
('Mexico ', '1447', '6', 'DF', 'Gerardo Arteaga', '24', '17', '1', 'BEL-03'),
('Mexico ', '1448', '7', 'MF', 'Luis Romo', '27', '27', '1', 'MEX-01'),
('Mexico ', '1449', '8', 'MF', 'Carlos Rodríguez', '25', '36', '0', 'MEX-03'),
('Mexico ', '1461', '20', 'FW', 'Henry Martín', '30', '27', '6', 'MEX-02'),
('Mexico ', '1445', '4', 'DF', 'Edson Álvarez', '25', '58', '3', 'NET-01'),
('Mexico ', '1446', '5', 'DF', 'Johan Vásquez', '24', '7', '0', 'ITA-18'),
('Mexico ', '1452', '11', 'FW', 'Rogelio Funes Mori', '31', '16', '6', 'MEX-01'),
('Mexico ', '1453', '12', 'GK', 'Rodolfo Cota', '35', '8', '0', 'MEX-04'),
('Mexico ', '1451', '10', 'FW', 'Alexis Vega', '24', '22', '6', 'MEX-06'),
('Mexico ', '1454', '13', 'GK', 'Guillermo Ochoa', '37', '131', '0', 'MEX-02'),
('Mexico ', '1450', '9', 'FW', 'Raúl Jiménez', '31', '95', '29', 'ENG-14'),
('Netherlands ', '1510', '17', 'DF', 'Daley Blind', '32', '94', '2', 'NET-01'),
('Netherlands ', '1511', '18', 'FW', 'Vincent Janssen', '28', '20', '7', 'BEL-02'),
('Netherlands ', '1512', '19', 'FW', 'Wout Weghorst', '30', '15', '3', 'TUR-02'),
('Netherlands ', '1507', '14', 'MF', 'Davy Klaassen', '29', '35', '9', 'NET-01'),
('Netherlands ', '1508', '15', 'MF', 'Marten de Roon', '31', '30', '0', 'ITA-06'),
('Netherlands ', '1509', '16', 'DF', 'Tyrell Malacia', '23', '6', '0', 'ENG-02'),
('Netherlands ', '1513', '20', 'MF', 'Teun Koopmeiners', '24', '10', '1', 'ITA-06'),
('Netherlands ', '1517', '24', 'MF', 'Kenneth Taylor', '20', '2', '0', 'NET-01'),
('Netherlands ', '1518', '25', 'MF', 'Xavi Simons', '19', '0', '0', 'NET-02'),
('Netherlands ', '1519', '26', 'DF', 'Jeremie Frimpong', '21', '0', '0', 'GER-07'),
('Netherlands ', '1514', '21', 'MF', 'Frenkie de Jong', '25', '45', '1', 'ESP-01'),
('Netherlands ', '1515', '22', 'DF', 'Denzel Dumfries', '26', '37', '5', 'ITA-03'),
('Netherlands ', '1516', '23', 'GK', 'Andries Noppert', '28', '0', '0', 'NET-04'),
('Netherlands ', '1506', '13', 'GK', 'Justin Bijlow', '24', '6', '0', 'NET-03'),
('Netherlands ', '1497', '4', 'DF', 'Virgil van Dijk ', '31', '49', '6', 'ENG-08'),
('Netherlands ', '1498', '5', 'DF', 'Nathan Aké', '27', '29', '3', 'ENG-01'),
('Netherlands ', '1499', '6', 'DF', 'Stefan de Vrij', '30', '59', '3', 'ITA-03'),
('Netherlands ', '1494', '1', 'GK', 'Remko Pasveer', '39', '2', '0', 'NET-01'),
('Netherlands ', '1495', '2', 'DF', 'Jurriën Timber', '21', '10', '0', 'NET-01'),
('Netherlands ', '1496', '3', 'DF', 'Matthijs de Ligt', '23', '38', '2', 'GER-01'),
('Netherlands ', '1503', '10', 'FW', 'Memphis Depay', '28', '81', '42', 'ESP-01'),
('Netherlands ', '1504', '11', 'MF', 'Steven Berghuis', '30', '39', '2', 'NET-01'),
('Netherlands ', '1505', '12', 'FW', 'Noa Lang', '23', '5', '1', 'BEL-01'),
('Netherlands ', '1500', '7', 'FW', 'Steven Bergwijn', '25', '24', '7', 'NET-01'),
('Netherlands ', '1501', '8', 'FW', 'Cody Gakpo', '23', '9', '3', 'NET-02'),
('Netherlands ', '1502', '9', 'FW', 'Luuk de Jong', '32', '38', '8', 'NET-02'),
('Poland ', '1522', '3', 'DF', 'Artur Jędrzejczyk', '35', '40', '3', 'POL-01'),
('Poland ', '1523', '4', 'DF', 'Mateusz Wieteska', '25', '2', '0', 'FRA-07'),
('Poland ', '1521', '2', 'DF', 'Matty Cash', '25', '7', '1', 'ENG-15'),
('Poland ', '1524', '5', 'DF', 'Jan Bednarek', '26', '45', '1', 'ENG-15'),
('Poland ', '1520', '1', 'GK', 'Wojciech Szczęsny', '32', '66', '0', 'ITA-01'),
('Poland ', '1535', '16', 'FW', 'Karol Świderski', '25', '18', '8', 'USA-07'),
('Poland ', '1534', '15', 'DF', 'Kamil Glik', '34', '99', '6', 'ITA-16'),
('Poland ', '1536', '17', 'MF', 'Szymon Żurkowski', '25', '7', '0', 'ITA-07'),
('Poland ', '1537', '18', 'DF', 'Bartosz Bereszyński', '30', '46', '0', 'ITA-11'),
('Poland ', '1526', '7', 'FW', 'Arkadiusz Milik', '28', '64', '16', 'ITA-01'),
('Poland ', '1527', '8', 'MF', 'Damian Szymański', '27', '9', '1', 'GRE-01'),
('Poland ', '1529', '10', 'MF', 'Grzegorz Krychowiak', '32', '94', '5', 'SAU-03'),
('Poland ', '1528', '9', 'FW', 'Robert Lewandowski ', '34', '134', '76', 'ESP-01'),
('Poland ', '1530', '11', 'MF', 'Kamil Grosicki', '34', '87', '17', 'POL-03'),
('Poland ', '1532', '13', 'MF', 'Jakub Kamiński', '20', '4', '1', 'GER-11'),
('Poland ', '1531', '12', 'GK', 'Łukasz Skorupski', '31', '8', '0', 'ITA-12'),
('Poland ', '1538', '19', 'MF', 'Sebastian Szymański', '23', '18', '1', 'NET-03'),
('Poland ', '1545', '26', 'MF', 'Michał Skóraś', '22', '1', '0', 'POL-02'),
('Poland ', '1544', '25', 'DF', 'Robert Gumny', '24', '5', '0', 'GER-08'),
('Poland ', '1533', '14', 'DF', 'Jakub Kiwior', '22', '5', '0', 'ITA-14'),
('Poland ', '1525', '6', 'MF', 'Krystian Bielik', '24', '5', '0', 'ENG-20'),
('Poland ', '1543', '24', 'MF', 'Przemysław Frankowski', '27', '26', '1', 'FRA-05'),
('Poland ', '1540', '21', 'MF', 'Nicola Zalewski', '20', '7', '0', 'ITA-09'),
('Poland ', '1539', '20', 'MF', 'Piotr Zieliński', '28', '74', '9', 'ITA-04'),
('Poland ', '1542', '23', 'FW', 'Krzysztof Piątek', '27', '25', '11', 'ITA-10'),
('Poland ', '1541', '22', 'GK', 'Kamil Grabara', '23', '1', '0', 'DEN-01'),
('Portugal ', '1556', '11', 'FW', 'João Félix', '23', '24', '3', 'ESP-03'),
('Portugal ', '1555', '10', 'FW', 'Bernardo Silva', '28', '73', '8', 'ENG-01'),
('Portugal ', '1560', '15', 'FW', 'Rafael Leão', '23', '11', '0', 'ITA-02'),
('Portugal ', '1550', '5', 'DF', 'Raphaël Guerreiro', '28', '57', '3', 'GER-02'),
('Portugal ', '1559', '14', 'MF', 'William Carvalho', '30', '76', '5', 'ESP-05'),
('Portugal ', '1557', '12', 'GK', 'José Sá', '29', '0', '0', 'ENG-14'),
('Portugal ', '1558', '13', 'DF', 'Danilo Pereira', '31', '63', '2', 'FRA-01'),
('Portugal ', '1554', '9', 'FW', 'André Silva', '27', '52', '19', 'GER-04'),
('Portugal ', '1546', '1', 'GK', 'Rui Patrício', '34', '105', '0', 'ITA-09'),
('Portugal ', '1547', '2', 'DF', 'Diogo Dalot', '23', '7', '2', 'ENG-02'),
('Portugal ', '1548', '3', 'DF', 'Pepe', '39', '129', '7', 'POR-02'),
('Portugal ', '1551', '6', 'MF', 'João Palhinha', '27', '15', '2', 'ENG-10'),
('Portugal ', '1553', '8', 'MF', 'Bruno Fernandes', '28', '49', '11', 'ENG-02'),
('Portugal ', '1552', '7', 'FW', 'Cristiano Ronaldo ', '37', '191', '117', 'ENG-02'),
('Portugal ', '1549', '4', 'DF', 'Rúben Dias', '25', '40', '2', 'ENG-01'),
('Portugal ', '1569', '24', 'DF', 'António Silva', '19', '1', '0', 'POR-01'),
('Portugal ', '1568', '23', 'MF', 'Matheus Nunes', '24', '9', '1', 'ENG-14'),
('Portugal ', '1570', '25', 'MF', 'Otávio', '27', '8', '2', 'POR-02'),
('Portugal ', '1561', '16', 'MF', 'Vitinha', '22', '5', '0', 'FRA-01'),
('Portugal ', '1571', '26', 'FW', 'Gonçalo Ramos', '21', '1', '1', 'POR-01'),
('Portugal ', '1567', '22', 'GK', 'Diogo Costa', '23', '7', '0', 'POR-02'),
('Portugal ', '1563', '18', 'MF', 'Rúben Neves', '25', '32', '0', 'ENG-14'),
('Portugal ', '1562', '17', 'MF', 'João Mário', '29', '53', '3', 'POR-01'),
('Portugal ', '1564', '19', 'DF', 'Nuno Mendes', '20', '17', '0', 'FRA-01'),
('Portugal ', '1566', '21', 'FW', 'Ricardo Horta', '28', '6', '1', 'POR-04'),
('Portugal ', '1565', '20', 'DF', 'João Cancelo', '28', '37', '7', 'ENG-01'),
('Qatar ', '1587', '16', 'DF', 'Boualem Khoukhi', '32', '105', '20', 'QTR-01'),
('Qatar ', '1586', '15', 'DF', 'Bassam Al-Rawi', '24', '58', '2', 'QTR-02'),
('Qatar ', '1585', '14', 'DF', 'Homam Ahmed', '23', '29', '2', 'QTR-03'),
('Qatar ', '1590', '19', 'FW', 'Almoez Ali', '26', '85', '42', 'QTR-02'),
('Qatar ', '1589', '18', 'FW', 'Khalid Muneer', '24', '2', '0', 'QTR-07'),
('Qatar ', '1588', '17', 'DF', 'Ismaeel Mohammad', '32', '70', '4', 'QTR-02'),
('Qatar ', '1584', '13', 'DF', 'Musab Kheder', '29', '30', '0', 'QTR-01'),
('Qatar ', '1580', '9', 'FW', 'Mohammed Muntari', '28', '48', '13', 'QTR-02'),
('Qatar ', '1579', '8', 'MF', 'Ali Assadalla', '29', '59', '12', 'QTR-01'),
('Qatar ', '1578', '7', 'FW', 'Ahmed Alaaeldin', '29', '47', '2', 'QTR-03'),
('Qatar ', '1583', '12', 'MF', 'Karim Boudiaf', '32', '115', '6', 'QTR-02'),
('Qatar ', '1582', '11', 'FW', 'Akram Afif', '26', '89', '26', 'QTR-01'),
('Qatar ', '1581', '10', 'MF', 'Hassan Al-Haydos', '31', '169', '36', 'QTR-01'),
('Qatar ', '1575', '4', 'DF', 'Mohammed Waad', '23', '21', '0', 'QTR-01'),
('Qatar ', '1576', '5', 'DF', 'Tarek Salman', '24', '58', '0', 'QTR-01'),
('Qatar ', '1577', '6', 'MF', 'Abdulaziz Hatem', '32', '107', '11', 'QTR-06'),
('Qatar ', '1572', '1', 'GK', 'Saad Al-Sheeb', '32', '76', '0', 'QTR-01'),
('Qatar ', '1573', '2', 'DF', 'Ró-Ró', '32', '80', '1', 'QTR-01'),
('Qatar ', '1574', '3', 'MF', 'Abdelkarim Hassan', '29', '130', '15', 'QTR-01'),
('Qatar ', '1597', '26', 'MF', 'Mostafa Meshaal', '21', '1', '0', 'QTR-01'),
('Qatar ', '1593', '22', 'GK', 'Meshaal Barsham', '24', '20', '0', 'QTR-01'),
('Qatar ', '1592', '21', 'GK', 'Yousef Hassan', '26', '7', '0', 'QTR-03'),
('Qatar ', '1591', '20', 'MF', 'Salem Al-Hajri', '26', '22', '0', 'QTR-01'),
('Qatar ', '1596', '25', 'MF', 'Jassem Gaber', '20', '0', '0', 'QTR-05'),
('Qatar ', '1595', '24', 'MF', 'Naif Al-Hadhrami', '21', '1', '0', 'QTR-06'),
('Qatar ', '1594', '23', 'MF', 'Assim Madibo', '26', '43', '0', 'QTR-02'),
('Senegal ', '1637', '15', 'MF', 'Krépin Diatta', '23', '26', '2', 'FRA-03'),
('Senegal ', '1639', '17', 'MF', 'Pape Matar Sarr', '20', '10', '0', 'ENG-04'),
('Senegal ', '1640', '18', 'FW', 'Ismaïla Sarr', '24', '48', '10', 'ENG-39'),
('Senegal ', '1641', '19', 'FW', 'Famara Diédhiou', '29', '25', '10', 'TUR-06'),
('Senegal ', '1635', '13', 'FW', 'Iliman Ndiaye', '22', '2', '0', 'ENG-27'),
('Senegal ', '1636', '14', 'DF', 'Ismail Jakobs', '23', '2', '0', 'FRA-03'),
('Senegal ', '1638', '16', 'GK', 'Édouard Mendy', '30', '25', '0', 'ENG-03'),
('Senegal ', '1646', '24', 'DF', 'Moustapha Name', '27', '6', '0', 'CYP-02'),
('Senegal ', '1647', '25', 'MF', 'Mamadou Loum', '25', '3', '0', 'ENG-18'),
('Senegal ', '1648', '26', 'MF', 'Pape Gueye', '23', '12', '0', 'FRA-04'),
('Senegal ', '1642', '20', 'FW', 'Bamba Dieng', '22', '13', '1', 'FRA-04'),
('Senegal ', '1644', '22', 'DF', 'Abdou Diallo', '26', '18', '2', 'GER-04'),
('Senegal ', '1645', '23', 'GK', 'Alfred Gomis', '29', '14', '0', 'FRA-02'),
('Senegal ', '1626', '3', 'DF', 'Kalidou Koulibaly ', '31', '64', '0', 'ENG-03'),
('Senegal ', '1627', '4', 'DF', 'Pape Abou Cissé', '27', '13', '1', 'GRE-02'),
('Senegal ', '1628', '5', 'MF', 'Idrissa Gueye', '33', '96', '7', 'ENG-16'),
('Senegal ', '1643', '21', 'DF', 'Youssouf Sabaly', '29', '24', '0', 'ESP-05'),
('Senegal ', '1624', '1', 'GK', 'Seny Dieng', '27', '4', '0', 'ENG-26'),
('Senegal ', '1625', '2', 'DF', 'Formose Mendy', '21', '2', '0', 'FRA-14'),
('Senegal ', '1632', '9', 'FW', 'Boulaye Dia', '26', '19', '3', 'ITA-10'),
('Senegal ', '1633', '11', 'MF', 'Pathé Ciss', '28', '1', '0', 'ESP-19'),
('Senegal ', '1634', '12', 'DF', 'Fodé Ballo-Touré', '25', '14', '0', 'ITA-02'),
('Senegal ', '1631', '8', 'DF', 'Cheikhou Kouyaté', '32', '83', '4', 'ENG-12'),
('Senegal ', '1629', '6', 'MF', 'Nampalys Mendy', '30', '19', '0', 'ENG-07'),
('Senegal ', '1630', '7', 'FW', 'Nicolas Jackson', '21', '0', '0', 'ESP-06'),
('Serbia ', '1652', '4', 'DF', 'Nikola Milenković', '25', '39', '3', 'ITA-07'),
('Serbia ', '1649', '1', 'GK', 'Marko Dmitrović', '30', '19', '0', 'ESP-04'),
('Serbia ', '1661', '13', 'DF', 'Stefan Mitrović', '32', '35', '0', 'ESP-10'),
('Serbia ', '1660', '12', 'GK', 'Predrag Rajković', '27', '28', '0', 'ESP-11'),
('Serbia ', '1659', '11', 'FW', 'Luka Jović', '24', '29', '10', 'ITA-07'),
('Serbia ', '1664', '16', 'MF', 'Saša Lukić', '26', '32', '2', 'ITA-05'),
('Serbia ', '1663', '15', 'DF', 'Srđan Babić', '26', '2', '0', 'ESP-14'),
('Serbia ', '1662', '14', 'MF', 'Andrija Živković', '26', '29', '1', 'GRE-06'),
('Serbia ', '1655', '7', 'FW', 'Nemanja Radonjić', '26', '36', '5', 'ITA-05'),
('Serbia ', '1654', '6', 'MF', 'Nemanja Maksimović', '27', '40', '0', 'ESP-10'),
('Serbia ', '1653', '5', 'DF', 'Miloš Veljković', '27', '21', '0', 'GER-13'),
('Serbia ', '1658', '10', 'FW', 'Dušan Tadić', '34', '91', '20', 'NET-01'),
('Serbia ', '1657', '9', 'FW', 'Aleksandar Mitrović', '28', '76', '50', 'ENG-10'),
('Serbia ', '1656', '8', 'MF', 'Nemanja Gudelj', '31', '49', '1', 'ESP-04'),
('Serbia ', '1673', '25', 'DF', 'Filip Mladenović', '31', '20', '1', 'POL-01'),
('Serbia ', '1672', '24', 'MF', 'Ivan Ilić', '21', '6', '0', 'ITA-08'),
('Serbia ', '1671', '23', 'GK', 'Vanja Milinković-Savić', '25', '7', '0', 'ITA-05'),
('Serbia ', '1650', '2', 'DF', 'Strahinja Pavlović', '21', '22', '1', 'AST-01'),
('Serbia ', '1651', '3', 'DF', 'Strahinja Eraković', '21', '2', '0', 'SER-01'),
('Serbia ', '1674', '26', 'MF', 'Marko Grujić', '26', '18', '0', 'POR-02'),
('Serbia ', '1667', '19', 'MF', 'Uroš Račić', '24', '9', '0', 'POR-04'),
('Serbia ', '1666', '18', 'FW', 'Dušan Vlahović', '22', '17', '9', 'ITA-01'),
('Serbia ', '1665', '17', 'MF', 'Filip Kostić', '30', '50', '3', 'ITA-01'),
('Serbia ', '1670', '22', 'MF', 'Darko Lazović', '32', '26', '1', 'ITA-08'),
('Serbia ', '1669', '21', 'FW', 'Filip Đuričić', '30', '37', '5', 'ITA-11'),
('Serbia ', '1668', '20', 'MF', 'Sergej Milinković-Savić', '27', '36', '6', 'ITA-13'),
('Switzerland ', '1720', '20', 'MF', 'Fabian Frei', '33', '22', '3', 'SWI-02'),
('Switzerland ', '1718', '18', 'DF', 'Eray Cömert', '24', '10', '0', 'ESP-07'),
('Switzerland ', '1719', '19', 'FW', 'Noah Okafor', '22', '9', '2', 'AST-01'),
('Switzerland ', '1715', '15', 'MF', 'Djibril Sow', '25', '32', '0', 'GER-03'),
('Switzerland ', '1716', '16', 'MF', 'Christian Fassnacht', '29', '16', '4', 'SWI-01'),
('Switzerland ', '1717', '17', 'FW', 'Ruben Vargas', '24', '27', '4', 'GER-08'),
('Switzerland ', '1721', '21', 'GK', 'Gregor Kobel', '24', '3', '0', 'GER-02'),
('Switzerland ', '1725', '25', 'MF', 'Fabian Rieder', '20', '0', '0', 'SWI-01'),
('Switzerland ', '1726', '26', 'MF', 'Ardon Jashari', '20', '1', '0', 'SWI-03'),
('Switzerland ', '1704', '4', 'DF', 'Nico Elvedi', '26', '41', '1', 'GER-05'),
('Switzerland ', '1722', '22', 'DF', 'Fabian Schär', '30', '73', '8', 'ENG-11'),
('Switzerland ', '1723', '23', 'MF', 'Xherdan Shaqiri', '31', '109', '26', 'USA-08'),
('Switzerland ', '1724', '24', 'GK', 'Philipp Köhn', '24', '0', '0', 'AST-01'),
('Switzerland ', '1705', '5', 'DF', 'Manuel Akanji', '27', '43', '1', 'ENG-01'),
('Switzerland ', '1706', '6', 'MF', 'Denis Zakaria', '26', '43', '3', 'ENG-03'),
('Switzerland ', '1707', '7', 'FW', 'Breel Embolo', '25', '59', '11', 'FRA-03'),
('Switzerland ', '1701', '1', 'GK', 'Yann Sommer', '33', '77', '0', 'GER-05'),
('Switzerland ', '1702', '2', 'DF', 'Edimilson Fernandes', '26', '22', '2', 'GER-09'),
('Switzerland ', '1703', '3', 'DF', 'Silvan Widmer', '29', '34', '2', 'GER-09'),
('Switzerland ', '1708', '8', 'MF', 'Remo Freuler', '30', '49', '5', 'ENG-12'),
('Switzerland ', '1712', '12', 'GK', 'Jonas Omlin', '28', '4', '0', 'FRA-10'),
('Switzerland ', '1713', '13', 'DF', 'Ricardo Rodriguez', '30', '100', '9', 'ITA-05'),
('Switzerland ', '1714', '14', 'MF', 'Michel Aebischer', '25', '12', '0', 'ITA-12'),
('Switzerland ', '1709', '9', 'FW', 'Haris Seferovic', '30', '89', '25', 'TUR-01'),
('Switzerland ', '1710', '10', 'MF', 'Granit Xhaka ', '30', '107', '12', 'ENG-05'),
('Switzerland ', '1711', '11', 'DF', 'Renato Steffen', '31', '28', '1', 'SWI-04'),
('Tunisia ', '1744', '18', 'MF', 'Ghailene Chaalali', '28', '31', '1', 'TUN-01'),
('Tunisia ', '1745', '19', 'FW', 'Seifeddine Jaziri', '29', '29', '10', 'EGY-02'),
('Tunisia ', '1746', '20', 'DF', 'Mohamed Dräger', '26', '34', '3', 'SWI-03'),
('Tunisia ', '1741', '15', 'MF', 'Mohamed Ali Ben Romdhane', '23', '23', '1', 'TUN-01'),
('Tunisia ', '1742', '16', 'GK', 'Aymen Dahmen', '25', '5', '0', 'TUN-03'),
('Tunisia ', '1743', '17', 'MF', 'Ellyes Skhiri', '27', '49', '3', 'GER-14'),
('Tunisia ', '1750', '24', 'DF', 'Ali Abdi', '28', '10', '2', 'FRA-17'),
('Tunisia ', '1751', '25', 'FW', 'Anis Ben Slimane', '21', '25', '4', 'DEN-02'),
('Tunisia ', '1752', '26', 'GK', 'Mouez Hassen', '27', '20', '0', 'TUN-02'),
('Tunisia ', '1747', '21', 'DF', 'Wajdi Kechrida', '27', '19', '0', 'GRE-04'),
('Tunisia ', '1748', '22', 'GK', 'Bechir Ben Saïd', '29', '10', '0', 'TUN-05'),
('Tunisia ', '1749', '23', 'FW', 'Naïm Sliti', '30', '69', '14', 'SAU-08'),
('Tunisia ', '1740', '14', 'MF', 'Aïssa Laïdouni', '25', '25', '1', 'TUR-08'),
('Tunisia ', '1730', '4', 'DF', 'Yassine Meriah', '29', '61', '3', 'TUN-01'),
('Tunisia ', '1731', '5', 'MF', 'Nader Ghandri', '27', '8', '0', 'TUN-02'),
('Tunisia ', '1732', '6', 'DF', 'Dylan Bronn', '27', '36', '2', 'ITA-10'),
('Tunisia ', '1727', '1', 'GK', 'Aymen Mathlouthi', '38', '73', '0', 'TUN-04'),
('Tunisia ', '1728', '2', 'DF', 'Bilel Ifa', '32', '37', '0', 'KUW-01'),
('Tunisia ', '1729', '3', 'DF', 'Montassar Talbi', '24', '23', '1', 'FRA-18'),
('Tunisia ', '1733', '7', 'FW', 'Youssef Msakni ', '32', '88', '17', 'QTR-05'),
('Tunisia ', '1737', '11', 'FW', 'Taha Yassine Khenissi', '30', '48', '9', 'KUW-01'),
('Tunisia ', '1738', '12', 'DF', 'Ali Maâloul', '32', '83', '2', 'EGY-01'),
('Tunisia ', '1739', '13', 'MF', 'Ferjani Sassi', '30', '78', '6', 'QTR-02'),
('Tunisia ', '1734', '8', 'MF', 'Hannibal Mejbri', '19', '19', '0', 'ENG-20'),
('Tunisia ', '1735', '9', 'FW', 'Issam Jebali', '30', '10', '2', 'DEN-03'),
('Tunisia ', '1736', '10', 'FW', 'Wahbi Khazri', '31', '72', '24', 'FRA-10'),
('Uruguay ', '1771', '19', 'DF', 'Sebastián Coates', '32', '47', '1', 'POR-03'),
('Uruguay ', '1772', '20', 'FW', 'Facundo Torres', '22', '10', '0', 'USA-18'),
('Uruguay ', '1767', '15', 'MF', 'Federico Valverde', '24', '44', '4', 'ESP-02'),
('Uruguay ', '1768', '16', 'DF', 'Mathías Olivera', '25', '8', '0', 'ITA-04'),
('Uruguay ', '1769', '17', 'DF', 'Matías Viña', '25', '26', '0', 'ITA-09'),
('Uruguay ', '1770', '18', 'FW', 'Maxi Gómez', '26', '27', '4', 'TUR-05'),
('Uruguay ', '1777', '25', 'MF', 'Manuel Ugarte', '21', '6', '0', 'POR-03'),
('Uruguay ', '1778', '26', 'DF', 'José Luis Rodríguez', '25', '0', '0', 'URU-01'),
('Uruguay ', '1773', '21', 'FW', 'Edinson Cavani', '35', '133', '58', 'ESP-07'),
('Uruguay ', '1774', '22', 'DF', 'Martín Cáceres', '35', '115', '4', 'USA-14'),
('Uruguay ', '1775', '23', 'GK', 'Sergio Rochet', '29', '8', '0', 'URU-01'),
('Uruguay ', '1776', '24', 'MF', 'Agustín Canobbio', '24', '3', '0', 'BRA-02'),
('Uruguay ', '1766', '14', 'MF', 'Lucas Torreira', '26', '40', '0', 'TUR-01'),
('Uruguay ', '1756', '4', 'DF', 'Ronald Araújo', '23', '12', '0', 'ESP-01'),
('Uruguay ', '1757', '5', 'MF', 'Matías Vecino', '31', '62', '4', 'ITA-13'),
('Uruguay ', '1758', '6', 'MF', 'Rodrigo Bentancur', '25', '51', '1', 'ENG-04'),
('Uruguay ', '1753', '1', 'GK', 'Fernando Muslera', '36', '133', '0', 'TUR-01'),
('Uruguay ', '1754', '2', 'DF', 'José Giménez', '27', '78', '8', 'ESP-03'),
('Uruguay ', '1755', '3', 'DF', 'Diego Godín ', '36', '159', '8', 'ARG-05'),
('Uruguay ', '1759', '7', 'MF', 'Nicolás de la Cruz', '25', '17', '2', 'ARG-01'),
('Uruguay ', '1763', '11', 'FW', 'Darwin Núñez', '23', '13', '3', 'ENG-08'),
('Uruguay ', '1764', '12', 'GK', 'Sebastián Sosa', '36', '1', '0', 'ARG-02'),
('Uruguay ', '1765', '13', 'DF', 'Guillermo Varela', '29', '9', '0', 'BRA-01'),
('Uruguay ', '1760', '8', 'FW', 'Facundo Pellistri', '20', '7', '0', 'ENG-02'),
('Uruguay ', '1761', '9', 'FW', 'Luis Suárez', '35', '134', '68', 'URU-01'),
('Uruguay ', '1762', '10', 'MF', 'Giorgian de Arrascaeta', '28', '40', '8', 'BRA-01'),
('USA ', '1797', '19', 'FW', 'Haji Wright', '24', '3', '1', 'TUR-07'),
('USA ', '1798', '20', 'DF', 'Cameron Carter-Vickers', '24', '11', '0', 'SCO-01'),
('USA ', '1793', '15', 'DF', 'Aaron Long', '30', '29', '3', 'USA-17'),
('USA ', '1794', '16', 'FW', 'Jordan Morris', '28', '49', '11', 'USA-03'),
('USA ', '1795', '17', 'MF', 'Cristian Roldan', '27', '32', '0', 'USA-03'),
('USA ', '1796', '18', 'DF', 'Shaq Moore', '26', '15', '1', 'USA-05'),
('USA ', '1803', '25', 'GK', 'Sean Johnson', '33', '10', '0', 'USA-16'),
('USA ', '1804', '26', 'DF', 'Joe Scally', '19', '3', '0', 'GER-05'),
('USA ', '1786', '8', 'MF', 'Weston McKennie', '24', '37', '9', 'ITA-01'),
('USA ', '1802', '24', 'FW', 'Josh Sargent', '22', '20', '5', 'ENG-35'),
('USA ', '1799', '21', 'FW', 'Timothy Weah', '22', '25', '3', 'FRA-08'),
('USA ', '1800', '22', 'DF', 'DeAndre Yedlin', '29', '75', '0', 'USA-13'),
('USA ', '1801', '23', 'MF', 'Kellyn Acosta', '27', '53', '2', 'USA-02'),
('USA ', '1782', '4', 'MF', 'Tyler Adams', '23', '32', '1', 'ENG-17'),
('USA ', '1783', '5', 'DF', 'Antonee Robinson', '25', '29', '2', 'ENG-10'),
('USA ', '1784', '6', 'MF', 'Yunus Musah', '19', '19', '0', 'ESP-07'),
('USA ', '1779', '1', 'GK', 'Matt Turner', '28', '20', '0', 'ENG-05'),
('USA ', '1780', '2', 'DF', 'Sergiño Dest', '22', '19', '2', 'ITA-02'),
('USA ', '1781', '3', 'DF', 'Walker Zimmerman', '29', '33', '3', 'USA-05'),
('USA ', '1785', '7', 'FW', 'Giovanni Reyna', '20', '14', '4', 'GER-02'),
('USA ', '1790', '12', 'GK', 'Ethan Horvath', '27', '8', '0', 'ENG-25'),
('USA ', '1791', '13', 'DF', 'Tim Ream', '35', '46', '1', 'ENG-10'),
('USA ', '1792', '14', 'MF', 'Luca de la Torre', '24', '12', '0', 'ESP-09'),
('USA ', '1787', '9', 'FW', 'Jesús Ferreira', '21', '15', '7', 'USA-11'),
('USA ', '1788', '10', 'FW', 'Christian Pulisic', '24', '52', '21', 'ENG-03'),
('USA ', '1789', '11', 'FW', 'Brenden Aaronson', '22', '24', '6', 'ENG-17'),
('Wales ', '1823', '19', 'FW', 'Mark Harris', '23', '5', '0', 'ENG-23'),
('Wales ', '1824', '20', 'FW', 'Daniel James', '25', '38', '5', 'ENG-10'),
('Wales ', '1819', '15', 'DF', 'Ethan Ampadu', '22', '37', '0', 'ITA-14'),
('Wales ', '1820', '16', 'MF', 'Joe Morrell', '25', '30', '0', 'ENG-36'),
('Wales ', '1821', '17', 'DF', 'Tom Lockyer', '27', '14', '0', 'ENG-25'),
('Wales ', '1822', '18', 'MF', 'Jonny Williams', '29', '33', '2', 'ENG-38'),
('Wales ', '1829', '25', 'MF', 'Rubin Colwill', '20', '7', '1', 'ENG-23'),
('Wales ', '1830', '26', 'MF', 'Matthew Smith', '22', '19', '0', 'ENG-34'),
('Wales ', '1812', '8', 'MF', 'Harry Wilson', '25', '39', '5', 'ENG-10'),
('Wales ', '1828', '24', 'DF', 'Ben Cabango', '22', '5', '0', 'ENG-19'),
('Wales ', '1825', '21', 'GK', 'Adam Davies', '30', '4', '0', 'ENG-27'),
('Wales ', '1826', '22', 'MF', 'Sorba Thomas', '23', '6', '0', 'ENG-32'),
('Wales ', '1827', '23', 'MF', 'Dylan Levitt', '22', '13', '0', 'SCO-03'),
('Wales ', '1808', '4', 'DF', 'Ben Davies', '29', '74', '1', 'ENG-04'),
('Wales ', '1809', '5', 'DF', 'Chris Mepham', '25', '33', '0', 'ENG-21'),
('Wales ', '1810', '6', 'DF', 'Joe Rodon', '25', '30', '0', 'FRA-02'),
('Wales ', '1805', '1', 'GK', 'Wayne Hennessey', '35', '106', '0', 'ENG-12'),
('Wales ', '1806', '2', 'DF', 'Chris Gunter', '33', '109', '0', 'ENG-30'),
('Wales ', '1807', '3', 'DF', 'Neco Williams', '21', '23', '2', 'ENG-12'),
('Wales ', '1811', '7', 'MF', 'Joe Allen', '32', '72', '2', 'ENG-19'),
('Wales ', '1816', '12', 'GK', 'Danny Ward', '29', '26', '0', 'ENG-07'),
('Wales ', '1817', '13', 'FW', 'Kieffer Moore', '30', '28', '9', 'ENG-21'),
('Wales ', '1818', '14', 'DF', 'Connor Roberts', '27', '41', '3', 'ENG-22'),
('Wales ', '1813', '9', 'FW', 'Brennan Johnson', '21', '15', '2', 'ENG-12'),
('Wales ', '1814', '10', 'MF', 'Aaron Ramsey', '31', '75', '20', 'FRA-11'),
('Wales ', '1815', '11', 'FW', 'Gareth Bale ', '33', '108', '40', 'USA-02');


-- 9. Insert Results (matches)
------------------------------------------------------------
INSERT INTO Results(Match_Category, Match_Round, Match_No, MatchDate, MatchTime, HomeTeam, HomeScore, AwayScore, AwayTeam, StadiumName, Attendance, Total_Goals) 
VALUES
('Group A', 'Match 1', 1, '2022-11-20', '16:00', 'Qatar', 0, 2, 'Ecuador', 'Al Bayt Stadium', 67372, 2),
('Group A', 'Match 1', 2, '2022-11-21', '16:00', 'Senegal', 0, 2, 'Netherlands', 'Al Thumama Stadium', 41721, 2),
('Group B', 'Match 1', 3, '2022-11-21', '13:00', 'England', 6, 2, 'Iran', 'Khalifa International Stadium', 45334, 8),
('Group B', 'Match 1', 4, '2022-11-21', '19:00', 'USA', 1, 1, 'Wales', 'Ahmad Bin Stadium', 43418, 2),
('Group C', 'Match 1', 5, '2022-11-22', '10:00', 'Argentina', 1, 2, 'Saudi Arabia', 'Lisail Stadium', 88012, 3),
('Group D', 'Match 1', 6, '2022-11-22', '13:00', 'Denmark', 0, 0, 'Tunisia', 'Education City Stadium', 42925, 0),
('Group C', 'Match 1', 7, '2022-11-22', '16:00', 'Mexico', 0, 0, 'Poland', '974 Stadium', 39369, 0),
('Group D', 'Match 1', 8, '2022-11-22', '19:00', 'France', 4, 1, 'Australia', 'Al Janoub Stadium', 40875, 5),
('Group F', 'Match 1', 9, '2022-11-23', '10:00', 'Morocco', 0, 0, 'Croatia', 'Al Bayt Stadium', 59407, 0),
('Group E', 'Match 1', 10, '2022-11-23', '13:00', 'Germany', 1, 2, 'Japan', 'Khalifa International Stadium', 42608, 3),
('Group E', 'Match 1', 11, '2022-11-23', '16:00', 'Spain', 7, 0, 'Costa Rica', 'Al Thumama Stadium', 40013, 7),
('Group F', 'Match 1', 12, '2022-11-23', '19:00', 'Belgium', 1, 0, 'Canada', 'Ahmad Bin Stadium', 40432, 1),
('Group G', 'Match 1', 13, '2022-11-24', '10:00', 'Switzerland', 1, 0, 'Cameroon', 'Al Janoub Stadium', 39089, 1),
('Group H', 'Match 1', 14, '2022-11-24', '13:00', 'Uruguay', 0, 0, 'Korea Rep', 'Education City Stadium', 41663, 0),
('Group H', 'Match 1', 15, '2022-11-24', '16:00', 'Portugal', 3, 2, 'Ghana', '974 Stadium', 42662, 5),
('Group G', 'Match 1', 16, '2022-11-24', '19:00', 'Brasil', 2, 0, 'Serbia', 'Lisail Stadium', 88103, 2),
('Group B', 'Match 2', 17, '2022-11-25', '10:00', 'Wales', 0, 2, 'Iran', 'Ahmad Bin Stadium', 40875, 2),
('Group A', 'Match 2', 18, '2022-11-25', '13:00', 'Qatar', 1, 3, 'Senegal', 'Al Thumama Stadium', 41797, 4),
('Group A', 'Match 2', 19, '2022-11-25', '16:00', 'Netherlands', 1, 1, 'Ecuador', 'Khalifa International Stadium', 44833, 2),
('Group B', 'Match 2', 20, '2022-11-25', '19:00', 'England', 0, 0, 'USA', 'Al Bayt Stadium', 68463, 0),
('Group D', 'Match 2', 21, '2022-11-26', '10:00', 'Tunisia', 0, 1, 'Australia', 'Al Janoub Stadium', 41823, 1),
('Group C', 'Match 2', 22, '2022-11-26', '13:00', 'Poland', 2, 0, 'Saudi Arabia', 'Education City Stadium', 44259, 2),
('Group D', 'Match 2', 23, '2022-11-26', '16:00', 'France', 2, 1, 'Denmark', '974 Stadium', 42860, 3),
('Group C', 'Match 2', 24, '2022-11-26', '19:00', 'Argentina', 2, 0, 'Mexico', 'Lisail Stadium', 88966, 2),
('Group E', 'Match 2', 25, '2022-11-27', '10:00', 'Japan', 0, 1, 'Costa Rica', 'Ahmad Bin Stadium', 41479, 1),
('Group F', 'Match 2', 26, '2022-11-27', '13:00', 'Belgium', 0, 2, 'Morocco', 'Al Thumama Stadium', 43738, 2),
('Group F', 'Match 2', 27, '2022-11-27', '16:00', 'Croatia', 4, 1, 'Canada', 'Khalifa International Stadium', 44374, 5),
('Group E', 'Match 2', 28, '2022-11-27', '19:00', 'Spain', 1, 1, 'Germany', 'Al Bayt Stadium', 68895, 2),
('Group G', 'Match 2', 29, '2022-11-28', '10:00', 'Cameroon', 3, 3, 'Serbia', 'Al Janoub Stadium', 39789, 6),
('Group H', 'Match 2', 30, '2022-11-28', '13:00', 'Korea Rep', 2, 3, 'Ghana', 'Education City Stadium', 43983, 5),
('Group G', 'Match 2', 31, '2022-11-28', '16:00', 'Brasil', 1, 0, 'Switzerland', '974 Stadium', 43649, 1),
('Group H', 'Match 2', 32, '2022-11-28', '19:00', 'Portugal', 2, 0, 'Uruguay', 'Lisail Stadium', 88668, 2),
('Group A', 'Match 3', 33, '2022-11-29', '15:00', 'Ecuador', 1, 2, 'Senegal', 'Khalifa International Stadium', 44569, 3),
('Group A', 'Match 3', 34, '2022-11-29', '15:00', 'Netherlands', 2, 0, 'Qatar', 'Al Bayt Stadium', 66784, 2),
('Group B', 'Match 3', 35, '2022-11-29', '19:00', 'Iran', 0, 1, 'USA', 'Al Thumama Stadium', 42127, 1),
('Group B', 'Match 3', 36, '2022-11-29', '19:00', 'Wales', 0, 3, 'England', 'Ahmad Bin Stadium', 44297, 3),
('Group D', 'Match 3', 37, '2022-11-30', '15:00', 'Australia', 1, 0, 'Denmark', 'Al Janoub Stadium', 41232, 1),
('Group D', 'Match 3', 38, '2022-11-30', '15:00', 'Tunisia', 1, 0, 'France', 'Education City Stadium', 43627, 1),
('Group C', 'Match 3', 39, '2022-11-30', '19:00', 'Poland', 0, 2, 'Argentina', '974 Stadium', 44089, 2),
('Group C', 'Match 3', 40, '2022-11-30', '19:00', 'Saudi Arabia', 1, 2, 'Mexico', 'Lisail Stadium', 84985, 3),
('Group F', 'Match 3', 41, '2022-12-01', '15:00', 'Canada', 1, 2, 'Morocco', 'Al Thumama Stadium', 43102, 3),
('Group F', 'Match 3', 42, '2022-12-01', '15:00', 'Croatia', 0, 0, 'Belgium', 'Ahmad Bin Stadium', 43984, 0),
('Group E', 'Match 3', 43, '2022-12-01', '19:00', 'Costa Rica', 2, 4, 'Germany', 'Al Bayt Stadium', 67054, 6),
('Group E', 'Match 3', 44, '2022-12-01', '19:00', 'Japan', 2, 1, 'Spain', 'Khalifa International Stadium', 44851, 3),
('Group H', 'Match 3', 45, '2022-12-02', '15:00', 'Ghana', 0, 2, 'Uruguay', 'Al Janoub Stadium', 43443, 2),
('Group H', 'Match 3', 46, '2022-12-02', '15:00', 'Korea Rep', 2, 1, 'Portugal', 'Education City Stadium', 44097, 3),
('Group G', 'Match 3', 47, '2022-12-02', '19:00', 'Cameroon', 1, 0, 'Brasil', 'Lisail Stadium', 85986, 1),
('Group G', 'Match 3', 48, '2022-12-02', '19:00', 'Serbia', 2, 3, 'Switzerland', '974 Stadium', 41378, 5),
('Knockout', 'Round of 16', 49, '2022-12-03', '15:00', 'Netherlands', 3, 1, 'USA', 'Khalifa International Stadium', 44846, 4),
('Knockout', 'Round of 16', 50, '2022-12-03', '19:00', 'Argentina', 2, 1, 'Australia', 'Ahmad Bin Stadium', 45032, 3),
('Knockout', 'Round of 16', 51, '2022-12-04', '15:00', 'France', 3, 1, 'Poland', 'Al Thumama Stadium', 40989, 4),
('Knockout', 'Round of 16', 52, '2022-12-04', '19:00', 'England', 3, 0, 'Senegal', 'Al Bayt Stadium', 65985, 3),
('Knockout', 'Round of 16', 53, '2022-12-05', '15:00', 'Japan', 1, 1, 'Croatia', 'Al Janoub Stadium', 42523, 2),
('Knockout', 'Round of 16', 54, '2022-12-05', '19:00', 'Brasil', 4, 1, 'Korea Rep', '974 Stadium', 43847, 5),
('Knockout', 'Round of 16', 55, '2022-12-06', '15:00', 'Morocco', 0, 0, 'Spain', 'Education City Stadium', 44667, 0),
('Knockout', 'Round of 16', 56, '2022-12-06', '19:00', 'Portugal', 6, 1, 'Switzerland', 'Lisail Stadium', 83720, 7),
('Knockout', 'Quarter Finals', 57, '2022-12-09', '15:00', 'Croatia', 1, 1, 'Brasil', 'Education City Stadium', 43893, 2),
('Knockout', 'Quarter Finals', 58, '2022-12-09', '19:00', 'Netherlands', 2, 2, 'Argentina', 'Lisail Stadium', 88235, 4),
('Knockout', 'Quarter Finals', 59, '2022-12-10', '15:00', 'Morocco', 1, 0, 'Portugal', 'Al Thumama Stadium', 44198, 1),
('Knockout', 'Quarter Finals', 60, '2022-12-10', '19:00', 'France', 2, 1, 'England', 'Al Bayt Stadium', 68895, 3),
('Knockout', 'Semi Finals', 61, '2022-12-13', '19:00', 'Croatia', 0, 3, 'Argentina', 'Lisail Stadium', 88966, 3),
('Knockout', 'Semi Finals', 62, '2022-12-14', '19:00', 'Morocco', 0, 2, 'France', 'Al Bayt Stadium', 68294, 2),
('Knockout', '3rd Place', 63, '2022-12-17', '15:00', 'Croatia', 2, 1, 'Morocco', 'Khalifa International Stadium', 44137, 3),
('Knockout', 'World Cup Final', 64, '2022-12-18', '15:00', 'Argentina', 3, 3, 'France', 'Lisail Stadium', 88966, 6);
GO


-- 10. Insert Final_Outcome
------------------------------------------------------------
INSERT INTO Final_Outcome(Outcome_No, Nation_Code, Outcome) 
VALUES
(1, 'ARG', 'Winner'),
(2, 'AUS', 'Last 16'),
(3, 'BEL', 'Group Stage'),
(4, 'BRA', 'Quarter Finals'),
(5, 'CMR', 'Group Stage'),
(6, 'CAN', 'Group Stage'),
(7, 'CRC', 'Group Stage'),
(8, 'CRO', 'Third'),
(9, 'DEN', 'Group Stage'),
(10, 'ECU', 'Group Stage'),
(11, 'ENG', 'Quarter Finals'),
(12, 'FRA', 'Runner Up'),
(13, 'GER', 'Group Stage'),
(14, 'GHA', 'Group Stage'),
(15, 'IRN', 'Group Stage'),
(16, 'JPN', 'Last 16'),
(17, 'KOR', 'Last 16'),
(18, 'MEX', 'Group Stage'),
(19, 'MAR', 'Fourth'),
(20, 'NED', 'Quarter Finals'),
(21, 'POL', 'Last 16'),
(22, 'POR', 'Quarter Finals'),
(23, 'QAT', 'Group Stage'),
(24, 'KSA', 'Group Stage'),
(25, 'SEN', 'Last 16'),
(26, 'SRB', 'Group Stage'),
(27, 'ESP', 'Last 16'),
(28, 'SUI', 'Last 16'),
(29, 'TUN', 'Group Stage'),
(30, 'URU', 'Group Stage'),
(31, 'USA', 'Last 16'),
(32, 'WAL', 'Group Stage');
GO


-- 11. Insert MatchReport events

USE World_Cup_2022;
INSERT INTO MatchReport(Report_No, Match_No, Match_Action, MinsOfAction, PlayerNo) 
VALUES
(1, 'Yellow Card', 15, 1572),
(1, 'Goal', 16, 1247),
(1, 'Yellow Card', 22, 1590),
(1, 'Yellow Card', 29, 1257),
(1, 'Goal', 31, 1247),
(1, 'Yellow Card', 36, 1583),
(1, 'Yellow Card', 78, 1582),
(1, 'Assist', 31, 1251),
(1, 'Yellow Card', 56, 1254),
(3, 'Goal', 35, 1282),
(3, 'Assist', 35, 1263),
(3, 'Goal', 43, 1277),
(3, 'Assist', 43, 1266),
(3, 'Goal', 45, 1270),
(3, 'Assist', 45, 1269),
(3, 'Goal', 62, 1277),
(3, 'Assist', 62, 1270),
(3, 'Goal', 71, 1271),
(3, 'Assist', 71, 1269),
(3, 'Goal', 90, 1267),
(3, 'Assist', 90, 1284),
(3, 'Yellow Card', 25, 1371),
(3, 'Yellow Card', 48, 1372),
(3, 'Goal', 65, 1373),
(3, 'Goal', 103, 1373),
(2, 'Yellow Card', 56, 1496),
(2, 'Goal', 84, 1501),
(2, 'Assist', 84, 1514),
(2, 'Goal', 99, 1507),
(2, 'Yellow Card', 94, 1629),
(2, 'Yellow Card', 96, 1628),
(4, 'Yellow Card', 11, 1780),
(4, 'Yellow Card', 13, 1786),
(4, 'Goal', 36, 1799),
(4, 'Assist', 36, 1788),
(4, 'Yellow Card', 51, 1791),
(4, 'Yellow Card', 100, 1801),
(4, 'Yellow Card', 40, 1815),
(4, 'Yellow Card', 45, 1809),
(4, 'Goal', 82, 1815),
(5, 'Goal', 10, 1010),
(5, 'Goal', 48, 1608),
(5, 'Assist', 48, 1606),
(5, 'Goal', 53, 1607),
(5, 'Yellow Card', 67, 1605),
(5, 'Yellow Card', 75, 1602),
(5, 'Yellow Card', 79, 1607),
(5, 'Yellow Card', 82, 1609),
(5, 'Yellow Card', 88, 1615),
(5, 'Yellow Card', 92, 1618),
(6, 'Yellow Card', 24, 1221),
(6, 'Yellow Card', 78, 1215),
(6, 'Yellow Card', 86, 1737),
(7, 'Yellow Card', 29, 1460),
(7, 'Yellow Card', 56, 1456),
(7, 'Missed Penalty', 58, 1528),
(7, 'Yellow Card', 76, 1543),
(8, 'Goal', 9, 1049),
(8, 'Assist', 9, 1033),
(8, 'Yellow Card', 55, 1041),
(8, 'Yellow Card', 80, 1048),
(8, 'Yellow Card', 95, 1039),
(8, 'Goal', 27, 1300),
(8, 'Assist', 27, 1308),
(8, 'Goal', 32, 1295),
(8, 'Assist', 32, 1300),
(8, 'Goal', 68, 1296),
(8, 'Assist', 68, 1297),
(8, 'Goal', 71, 1295),
(8, 'Assist', 71, 1296),
(9, 'Yellow Card', 78, 1471),
(10, 'Goal', 33, 1333),
(10, 'Goal', 75, 1397),
(10, 'Goal', 83, 1407),
(10, 'Assist', 83, 1393),
(11, 'Goal', 11, 1695),
(11, 'Goal', 21, 1684),
(11, 'Assist', 21, 1692),
(11, 'Goal', 31, 1685),
(11, 'Goal', 54, 1685),
(11, 'Goal', 74, 1683),
(11, 'Assist', 74, 1681),
(11, 'Goal', 90, 1693),
(11, 'Goal', 92, 1681),
(11, 'Assist', 92, 1695),
(11, 'Yellow Card', 68, 1171),
(11, 'Yellow Card', 97, 1168),
(12, 'Yellow Card', 9, 1063),
(12, 'Goal', 44, 1075),
(12, 'Assist', 44, 1054),
(12, 'Yellow Card', 54, 1067),
(12, 'Yellow Card', 56, 1070),
(12, 'Missed Penalty', 11, 1149),
(12, 'Yellow Card', 81, 1149),
(12, 'Yellow Card', 83, 1132),
(13, 'Goal', 48, 1707),
(13, 'Assist', 48, 1723),
(13, 'Yellow Card', 64, 1704),
(13, 'Yellow Card', 83, 1705),
(13, 'Yellow Card', 36, 1123),
(14, 'Yellow Card', 64, 1774),
(14, 'Yellow Card', 88, 1424),
(15, 'Goal', 65, 1552),
(15, 'Goal', 78, 1556),
(15, 'Assist', 78, 1553),
(15, 'Goal', 80, 1560),
(15, 'Assist', 80, 1553),
(15, 'Yellow Card', 91, 1558),
(15, 'Yellow Card', 45, 1358),
(15, 'Yellow Card', 49, 1348),
(15, 'Yellow Card', 57, 1364),
(15, 'Goal', 73, 1348),
(15, 'Goal', 89, 1349),
(15, 'Yellow Card', 91, 1357),
(16, 'Goal', 62, 1087),
(16, 'Goal', 73, 1087),
(16, 'Assist', 73, 1098),
(16, 'Yellow Card', 7, 1650),
(16, 'Yellow Card', 49, 1656),
(16, 'Yellow Card', 64, 1664),
(17, 'Yellow Card', 45, 1810),
(17, 'Red Card', 86, 1805),
(17, 'Yellow Card', 95, 1387),
(17, 'Yellow Card', 95, 1371),
(17, 'Goal', 98, 1379),
(17, 'Goal', 101, 1387),
(17, 'Assist', 101, 1373),
(18, 'Yellow Card', 20, 1588),
(18, 'Yellow Card', 45, 1585),
(18, 'Goal', 78, 1580),
(18, 'Assist', 78, 1588),
(18, 'Yellow Card', 91, 1594),
(18, 'Yellow Card', 30, 1632),
(18, 'Goal', 41, 1632),
(18, 'Goal', 48, 1641),
(18, 'Assist', 48, 1636),
(18, 'Goal', 84, 1642),
(18, 'Assist', 84, 1635),
(18, 'Yellow Card', 87, 1633),
(19, 'Goal', 6, 1501),
(19, 'Assist', 6, 1507),
(19, 'Goal', 49, 1247),
(19, 'Yellow Card', 57, 1254),
(21, 'Yellow Card', 26, 1740),
(21, 'Yellow Card', 64, 1750),
(21, 'Yellow Card', 93, 1739),
(21, 'Goal', 41, 1041),
(22, 'Yellow Card', 15, 1533),
(22, 'Yellow Card', 16, 1521),
(22, 'Yellow Card', 19, 1526),
(22, 'Goal', 39, 1539),
(22, 'Assist', 39, 1528),
(22, 'Yellow Card', 20, 1605),
(22, 'Missed Penalty', 45, 1621),
(22, 'Yellow Card', 45, 1601),
(23, 'Yellow Card', 43, 1291),
(23, 'Goal', 61, 1296),
(23, 'Assist', 61, 1308),
(23, 'Goal', 86, 1296),
(23, 'Assist', 86, 1293),
(23, 'Yellow Card', 20, 1214),
(23, 'Yellow Card', 23, 1229),
(23, 'Goal', 68, 1214),
(23, 'Assist', 68, 1210),
(24, 'Yellow Card', 43, 1004),
(24, 'Goal', 64, 1010),
(24, 'Assist', 64, 1011),
(24, 'Goal', 87, 1024),
(24, 'Assist', 87, 1010),
(24, 'Yellow Card', 22, 1443),
(24, 'Yellow Card', 50, 1455),
(24, 'Yellow Card', 66, 1457),
(24, 'Yellow Card', 89, 1466),
(25, 'Yellow Card', 44, 1391),
(25, 'Yellow Card', 84, 1393),
(25, 'Yellow Card', 93, 1395),
(25, 'Yellow Card', 41, 1163),
(25, 'Yellow Card', 61, 1161),
(25, 'Yellow Card', 70, 1171),
(25, 'Goal', 81, 1160),
(25, 'Assist', 81, 1173),
(26, 'Yellow Card', 29, 1070),
(26, 'Goal', 73, 1473),
(26, 'Assist', 73, 1478),
(26, 'Goal', 92, 1481),
(26, 'Assist', 92, 1474),
(26, 'Yellow Card', 95, 1478),
(27, 'Goal', 36, 1191),
(27, 'Assist', 36, 1186),
(27, 'Goal', 44, 1196),
(27, 'Assist', 44, 1204),
(27, 'Yellow Card', 56, 1188),
(27, 'Goal', 70, 1191),
(27, 'Assist', 70, 1186),
(27, 'Yellow Card', 85, 1192),
(27, 'Goal', 94, 1189),
(27, 'Assist', 94, 1200),
(27, 'Goal', 2, 1149),
(27, 'Assist', 2, 1141),
(27, 'Yellow Card', 52, 1141),
(27, 'Yellow Card', 85, 1134),
(28, 'Yellow Card', 44, 1679),
(28, 'Goal', 62, 1681),
(28, 'Assist', 62, 1685),
(28, 'Yellow Card', 37, 1317),
(28, 'Yellow Card', 58, 1320),
(28, 'Yellow Card', 60, 1318),
(28, 'Goal', 83, 1321),
(28, 'Assist', 83, 1326),
(29, 'Yellow Card', 24, 1107),
(29, 'Goal', 29, 1125),
(29, 'Assist', 29, 1107),
(29, 'Yellow Card', 30, 1115),
(29, 'Goal', 63, 1114),
(29, 'Assist', 63, 1125),
(29, 'Goal', 66, 1117),
(29, 'Assist', 66, 1114),
(29, 'Goal', 45, 1650),
(29, 'Assist', 45, 1658),
(29, 'Goal', 45, 1668),
(29, 'Assist', 45, 1662),
(29, 'Yellow Card', 45, 1659),
(29, 'Goal', 53, 1657),
(29, 'Assist', 53, 1662),
(29, 'Yellow Card', 93, 1652),
(30, 'Yellow Card', 27, 1420),
(30, 'Goal', 58, 1424),
(30, 'Assist', 58, 1433),
(30, 'Goal', 61, 1424),
(30, 'Assist', 61, 1418),
(30, 'Yellow Card', 77, 1434),
(30, 'Yellow Card', 21, 1356),
(30, 'Goal', 24, 1342),
(30, 'Goal', 34, 1358),
(30, 'Assist', 34, 1347),
(30, 'Goal', 68, 1358),
(30, 'Assist', 68, 1357),
(30, 'Yellow Card', 73, 1340),
(31, 'Yellow Card', 52, 1086),
(31, 'Goal', 83, 1083),
(31, 'Assist', 83, 1099),
(31, 'Yellow Card', 50, 1725),
(32, 'Yellow Card', 38, 1563),
(32, 'Goal', 54, 1553),
(32, 'Assist', 54, 1550),
(32, 'Yellow Card', 77, 1556),
(32, 'Yellow Card', 89, 1549),
(32, 'Goal', 93, 1553),
(32, 'Yellow Card', 6, 1758),
(32, 'Yellow Card', 44, 1768),
(33, 'Goal', 67, 1257),
(33, 'Assist', 67, 1236),
(33, 'Goal', 44, 1640),
(33, 'Yellow Card', 66, 1628),
(33, 'Goal', 70, 1626),
(34, 'Goal', 26, 1501),
(34, 'Assist', 26, 1507),
(34, 'Goal', 49, 1514),
(34, 'Yellow Card', 52, 1498),
(35, 'Yellow Card', 77, 1383),
(35, 'Yellow Card', 96, 1389),
(35, 'Goal', 38, 1788),
(35, 'Assist', 38, 1780),
(35, 'Yellow Card', 43, 1782),
(36, 'Yellow Card', 29, 1824),
(36, 'Yellow Card', 61, 1814),
(36, 'Goal', 50, 1271),
(36, 'Goal', 51, 1280),
(36, 'Assist', 51, 1269),
(36, 'Goal', 68, 1271),
(36, 'Assist', 68, 1274),
(37, 'Yellow Card', 4, 1042),
(37, 'Yellow Card', 57, 1028),
(37, 'Goal', 60, 1033),
(37, 'Assist', 60, 1040),
(37, 'Yellow Card', 75, 1232),
(38, 'Yellow Card', 28, 1747),
(38, 'Goal', 58, 1736),
(38, 'Assist', 58, 1740),
(39, 'Yellow Card', 78, 1529),
(39, 'Missed Penalty', 39, 1010),
(39, 'Goal', 46, 1020),
(39, 'Assist', 46, 1026),
(39, 'Yellow Card', 49, 1008),
(39, 'Goal', 67, 1009),
(39, 'Assist', 67, 1024),
(40, 'Yellow Card', 28, 1608),
(40, 'Yellow Card', 34, 1612),
(40, 'Yellow Card', 52, 1614),
(40, 'Yellow Card', 81, 1600),
(40, 'Yellow Card', 91, 1601),
(40, 'Goal', 95, 1607),
(40, 'Assist', 95, 1616),
(40, 'Yellow Card', 97, 1616),
(40, 'Yellow Card', 16, 1445),
(40, 'Goal', 47, 1461),
(40, 'Assist', 47, 1444),
(40, 'Goal', 52, 1465),
(41, 'Yellow Card', 7, 1140),
(41, 'Yellow Card', 26, 1151),
(41, 'Own Goal', 40, 1472),
(41, 'Yellow Card', 45, 1133),
(41, 'Yellow Card', 84, 1135),
(41, 'Goal', 4, 1474),
(41, 'Goal', 23, 1486),
(41, 'Assist', 23, 1469),
(42, 'Yellow Card', 67, 1071),
(43, 'Goal', 58, 1173),
(43, 'Own Goal', 70, 1313),
(43, 'Yellow Card', 77, 1162),
(43, 'Goal', 10, 1322),
(43, 'Assist', 10, 1315),
(43, 'Goal', 73, 1319),
(43, 'Assist', 73, 1321),
(43, 'Goal', 85, 1319),
(43, 'Assist', 85, 1322),
(43, 'Goal', 89, 1321),
(43, 'Assist', 89, 1331),
(44, 'Yellow Card', 39, 1393),
(44, 'Yellow Card', 44, 1392),
(44, 'Yellow Card', 45, 1411),
(44, 'Goal', 48, 1397),
(44, 'Assist', 48, 1403),
(44, 'Goal', 51, 1406),
(44, 'Assist', 51, 1398),
(44, 'Goal', 11, 1681),
(44, 'Assist', 11, 1676),
(45, 'Missed Penalty', 21, 1348),
(45, 'Yellow Card', 86, 1360),
(45, 'Yellow Card', 99, 1364),
(45, 'Yellow Card', 20, 1763),
(45, 'Goal', 26, 1762),
(45, 'Goal', 32, 1762),
(45, 'Assist', 32, 1761),
(45, 'Yellow Card', 60, 1761),
(45, 'Yellow Card', 87, 1771),
(45, 'Yellow Card', 100, 1754),
(45, 'Yellow Card', 100, 1773),
(46, 'Goal', 27, 1434),
(46, 'Yellow Card', 36, 1433),
(46, 'Goal', 91, 1426),
(46, 'Assist', 91, 1422),
(46, 'Yellow Card', 92, 1426),
(46, 'Goal', 5, 1566),
(46, 'Assist', 5, 1547),
(47, 'Yellow Card', 6, 1129),
(47, 'Yellow Card', 28, 1119),
(47, 'Yellow Card', 32, 1123),
(47, 'Yellow Card', 81, 1114),
(47, 'Goal', 92, 1114),
(47, 'Assist', 92, 1106),
(47, 'Red Card', 93, 1114),
(47, 'Yellow Card', 7, 1092),
(47, 'Yellow Card', 85, 1095),
(48, 'Goal', 26, 1657),
(48, 'Assist', 26, 1658),
(48, 'Goal', 35, 1666),
(48, 'Yellow Card', 47, 1668),
(48, 'Yellow Card', 56, 1650),
(48, 'Yellow Card', 66, 1660),
(48, 'Yellow Card', 81, 1656),
(48, 'Yellow Card', 82, 1657),
(48, 'Yellow Card', 95, 1652),
(48, 'Yellow Card', 100, 1664),
(48, 'Yellow Card', 15, 1703),
(48, 'Goal', 20, 1723),
(48, 'Assist', 20, 1715),
(48, 'Yellow Card', 34, 1717),
(48, 'Goal', 44, 1707),
(48, 'Assist', 44, 1703),
(48, 'Goal', 48, 1708),
(48, 'Assist', 48, 1717),
(48, 'Yellow Card', 95, 1710),
(48, 'Yellow Card', 99, 1722),
(49, 'Goal', 10, 1503),
(49, 'Assist', 10, 1515),
(49, 'Goal', 45, 1510),
(49, 'Assist', 45, 1515),
(49, 'Yellow Card', 60, 1513),
(49, 'Goal', 81, 1515),
(49, 'Assist', 81, 1510),
(49, 'Yellow Card', 87, 1514),
(49, 'Goal', 76, 1797),
(49, 'Assist', 76, 1788),
(50, 'Goal', 35, 1010),
(50, 'Assist', 35, 1019),
(50, 'Goal', 57, 1009),
(50, 'Yellow Card', 15, 1048),
(50, 'Yellow Card', 38, 1028),
(50, 'Own Goal', 77, 1024),
(51, 'Yellow Card', 32, 1294),
(51, 'Goal', 44, 1295),
(51, 'Assist', 44, 1296),
(51, 'Goal', 74, 1296),
(51, 'Assist', 74, 1297),
(51, 'Goal', 91, 1296),
(51, 'Assist', 91, 1312),
(51, 'Yellow Card', 47, 1537),
(51, 'Yellow Card', 88, 1521),
(51, 'Goal', 99, 1528),
(52, 'Goal', 38, 1268),
(52, 'Assist', 38, 1282),
(52, 'Goal', 45, 1269),
(52, 'Assist', 45, 1280),
(52, 'Goal', 57, 1277),
(52, 'Assist', 57, 1280),
(52, 'Yellow Card', 76, 1626),
(53, 'Goal', 43, 1414),
(53, 'Assist', 43, 1411),
(53, 'Goal', 55, 1186),
(53, 'Assist', 55, 1188),
(53, 'Yellow Card', 90, 1190),
(54, 'Goal', 7, 1098),
(54, 'Assist', 7, 1088),
(54, 'Goal', 13, 1088),
(54, 'Goal', 29, 1087),
(54, 'Assist', 29, 1081),
(54, 'Goal', 36, 1085),
(54, 'Assist', 36, 1098),
(54, 'Yellow Card', 44, 1420),
(54, 'Goal', 76, 1423),
(55, 'Yellow Card', 90, 1473),
(55, 'Yellow Card', 77, 1698),
(56, 'Goal', 17, 1571),
(56, 'Assist', 17, 1556),
(56, 'Goal', 33, 1548),
(56, 'Assist', 33, 1553),
(56, 'Goal', 51, 1571),
(56, 'Goal', 55, 1550),
(56, 'Assist', 55, 1571),
(56, 'Goal', 67, 1571),
(56, 'Assist', 67, 1556),
(56, 'Goal', 92, 1560),
(56, 'Assist', 92, 1550),
(56, 'Yellow Card', 43, 1722),
(56, 'Goal', 41, 1705),
(56, 'Yellow Card', 59, 1718),
(57, 'Yellow Card', 31, 1193),
(57, 'Goal', 117, 1198),
(57, 'Assist', 117, 1200),
(57, 'Yellow Card', 25, 1080),
(57, 'Yellow Card', 68, 1083),
(57, 'Yellow Card', 77, 1082),
(57, 'Goal', 105, 1088),
(57, 'Assist', 105, 1085),
(58, 'Yellow Card', 43, 1495),
(58, 'Yellow Card', 45, 1512),
(58, 'Yellow Card', 76, 1503),
(58, 'Goal', 83, 1512),
(58, 'Assist', 83, 1504),
(58, 'Yellow Card', 101, 1500),
(58, 'Yellow Card', 113, 1515),
(58, 'Yellow Card', 113, 1505),
(58, 'Yellow Card', 88, 1504),
(58, 'Goal', 101, 1512),
(58, 'Assist', 101, 1513),
(58, 'Goal', 35, 1026),
(58, 'Assist', 35, 1010),
(58, 'Yellow Card', 43, 1008),
(58, 'Yellow Card', 45, 1013),
(58, 'Goal', 73, 1010),
(58, 'Yellow Card', 76, 1025),
(58, 'Yellow Card', 89, 1005),
(58, 'Yellow Card', 100, 1010),
(58, 'Yellow Card', 102, 1019),
(58, 'Yellow Card', 109, 1004),
(58, 'Yellow Card', 112, 1006),
(59, 'Goal', 42, 1486),
(59, 'Assist', 42, 1492),
(59, 'Yellow Card', 70, 1487),
(59, 'Yellow Card', 91, 1488),
(59, 'Red Card', 93, 1488),
(59, 'Yellow Card', 87, 1561),
(60, 'Goal', 17, 1294),
(60, 'Assist', 17, 1293),
(60, 'Yellow Card', 43, 1293),
(60, 'Yellow Card', 46, 1297),
(60, 'Goal', 78, 1295),
(60, 'Assist', 78, 1293),
(60, 'Yellow Card', 82, 1308),
(60, 'Goal', 54, 1269),
(60, 'Missed Penalty', 84, 1269),
(60, 'Yellow Card', 90, 1266),
(61, 'Goal', 34, 1010),
(61, 'Goal', 39, 1009),
(61, 'Yellow Card', 68, 1013),
(61, 'Goal', 69, 1009),
(61, 'Assist', 69, 1010),
(61, 'Yellow Card', 71, 1019),
(61, 'Yellow Card', 32, 1183),
(61, 'Yellow Card', 32, 1190),
(62, 'Yellow Card', 27, 1484),
(62, 'Goal', 5, 1308),
(62, 'Goal', 79, 1298),
(63, 'Goal', 7, 1202),
(63, 'Assist', 7, 1186),
(63, 'Goal', 42, 1200),
(63, 'Assist', 42, 1196),
(63, 'Goal', 9, 1487),
(63, 'Yellow Card', 69, 1475),
(63, 'Yellow Card', 84, 1482),
(64, 'Goal', 23, 1010),
(64, 'Goal', 36, 1011),
(64, 'Assist', 36, 1020),
(64, 'Yellow Card', 45, 1024),
(64, 'Yellow Card', 98, 1008),
(64, 'Goal', 108, 1010),
(64, 'Yellow Card', 114, 1005),
(64, 'Yellow Card', 116, 1004),
(64, 'Yellow Card', 120, 1023),
(64, 'Yellow Card', 55, 1300),
(64, 'Goal', 80, 1296),
(64, 'Goal', 80, 1296),
(64, 'Assist', 81, 1312),
(64, 'Yellow Card', 87, 1312),
(64, 'Yellow Card', 95, 1295),
(64, 'Goal', 118, 1296);



